run_id,policy,task_index,task_id,priority,period,deadline,wcet,offset,jobs_released,jobs_completed,deadline_miss,unfinished,rt_avg,rt_max,late_avg,late_max
0,FPP,0,0,3,53,53,4,0,3774,3774,0,0,6.170641,16,0.000000,0
0,FPP,1,1,4,63,63,10,0,3175,3175,0,0,16.793071,26,0.000000,0
0,FPP,2,2,2,47,47,2,0,4256,4256,0,0,3.221805,12,0.000000,0
0,FPP,3,3,7,87,87,11,0,2299,2299,0,0,31.728143,62,0.000000,0
0,FPP,4,4,0,37,37,4,0,5406,5406,0,0,4.000000,4,0.000000,0
0,FPP,5,5,1,42,42,6,0,4762,4762,0,0,6.810584,10,0.000000,0
0,FPP,6,6,5,70,70,7,0,2858,2858,0,0,15.801959,33,0.000000,0
0,FPP,7,7,6,72,72,2,0,2778,2778,0,0,9.352052,35,0.000000,0
run_id,policy,task_index,task_id,priority,period,deadline,wcet,offset,jobs_released,jobs_completed,deadline_miss,unfinished,rt_avg,rt_max,late_avg,late_max
1,FPP,0,0,2,28,28,1,0,7143,7143,0,0,1.560269,4,0.000000,0
1,FPP,1,1,0,16,16,2,0,12500,12500,0,0,2.000000,2,0.000000,0
1,FPP,2,2,5,75,75,7,0,2667,2667,0,0,16.209974,31,0.000000,0
1,FPP,3,3,1,25,25,1,0,8000,8000,0,0,1.187500,3,0.000000,0
1,FPP,4,4,4,68,68,11,0,2942,2942,0,0,16.987424,22,0.000000,0
1,FPP,5,5,3,31,31,5,0,6452,6452,0,0,6.200713,9,0.000000,0
1,FPP,6,6,6,94,94,6,0,2128,2128,0,0,17.320489,44,0.000000,0
1,FPP,7,7,7,147,147,6,0,1361,1361,0,0,20.901543,53,0.000000,0
run_id,policy,task_index,task_id,priority,period,deadline,wcet,offset,jobs_released,jobs_completed,deadline_miss,unfinished,rt_avg,rt_max,late_avg,late_max
2,FPP,0,0,4,94,94,6,0,2128,2128,0,0,10.248120,20,0.000000,0
2,FPP,1,1,0,10,10,1,0,20000,20000,0,0,1.000000,1,0.000000,0
2,FPP,2,2,3,71,71,4,0,2817,2817,0,0,6.188853,12,0.000000,0
2,FPP,3,3,6,108,108,14,0,1852,1852,0,0,35.820734,58,0.000000,0
2,FPP,4,4,1,12,12,2,0,16667,16667,0,0,2.200036,3,0.000000,0
2,FPP,5,5,2,45,45,4,0,4445,4445,0,0,5.750281,7,0.000000,0
2,FPP,6,6,5,94,94,10,0,2128,2128,0,0,26.918703,34,0.000000,0
2,FPP,7,7,7,149,149,27,0,1343,1342,11,1,90.823398,159,0.036513,10
run_id,policy,task_index,task_id,priority,period,deadline,wcet,offset,jobs_released,jobs_completed,deadline_miss,unfinished,rt_avg,rt_max,late_avg,late_max
3,FPP,0,0,0,15,15,2,0,13334,13334,0,0,2.000000,2,0.000000,0
3,FPP,1,1,3,69,69,5,0,2899,2899,0,0,6.927561,14,0.000000,0
3,FPP,2,2,5,130,130,26,0,1539,1539,0,0,43.800520,57,0.000000,0
3,FPP,3,3,2,63,63,6,0,3175,3175,0,0,6.960630,9,0.000000,0
3,FPP,4,4,4,115,115,10,0,1740,1740,0,0,15.903448,26,0.000000,0
3,FPP,5,5,1,50,50,1,0,4000,4000,0,0,1.667000,3,0.000000,0
3,FPP,6,6,6,131,131,9,0,1527,1527,0,0,28.180747,81,0.000000,0
3,FPP,7,7,7,149,149,12,0,1343,1342,0,1,41.870343,95,0.000000,0
run_id,policy,task_index,task_id,priority,period,deadline,wcet,offset,jobs_released,jobs_completed,deadline_miss,unfinished,rt_avg,rt_max,late_avg,late_max
4,FPP,0,0,6,102,102,1,0,1961,1961,0,0,7.957165,43,0.000000,0
4,FPP,1,1,2,35,35,3,0,5715,5715,0,0,3.717060,7,0.000000,0
4,FPP,2,2,0,19,19,1,0,10527,10527,0,0,1.000000,1,0.000000,0
4,FPP,3,3,1,24,24,3,0,8334,8334,0,0,3.157907,4,0.000000,0
4,FPP,4,4,4,76,76,10,0,2632,2632,0,0,15.856763,23,0.000000,0
4,FPP,5,5,5,98,98,12,0,2041,2041,0,0,23.881431,42,0.000000,0
4,FPP,6,6,7,128,128,17,0,1563,1563,0,0,44.090851,69,0.000000,0
4,FPP,7,7,3,56,56,5,0,3572,3572,0,0,7.243561,12,0.000000,0
run_id,policy,task_index,task_id,priority,period,deadline,wcet,offset,jobs_released,jobs_completed,deadline_miss,unfinished,rt_avg,rt_max,late_avg,late_max
5,FPP,0,0,4,114,114,12,0,1755,1755,0,0,20.154416,38,0.000000,0
5,FPP,1,1,1,33,33,2,0,6061,6061,0,0,2.064676,3,0.000000,0
5,FPP,2,2,2,41,41,6,0,4879,4878,0,1,6.615826,9,0.000000,0
5,FPP,3,3,6,122,122,16,0,1640,1640,0,0,36.909146,71,0.000000,0
5,FPP,4,4,3,100,100,14,0,2000,2000,0,0,18.286500,23,0.000000,0
5,FPP,5,5,5,121,121,8,0,1653,1653,0,0,18.093769,52,0.000000,0
5,FPP,6,6,7,134,134,16,0,1493,1493,0,0,50.884796,93,0.000000,0
5,FPP,7,7,0,31,31,1,0,6452,6452,0,0,1.000000,1,0.000000,0
run_id,policy,task_index,task_id,priority,period,deadline,wcet,offset,jobs_released,jobs_completed,deadline_miss,unfinished,rt_avg,rt_max,late_avg,late_max
6,FPP,0,0,4,87,87,1,0,2299,2299,0,0,5.355807,12,0.000000,0
6,FPP,1,1,7,149,149,7,0,1343,1342,0,1,34.488077,86,0.000000,0
6,FPP,2,2,6,122,122,25,0,1640,1639,0,1,52.931666,78,0.000000,0
6,FPP,3,3,1,29,29,3,0,6897,6897,0,0,3.300130,4,0.000000,0
6,FPP,4,4,0,10,10,1,0,20000,20000,0,0,1.000000,1,0.000000,0
6,FPP,5,5,3,74,74,2,0,2703,2703,0,0,3.261561,10,0.000000,0
6,FPP,6,6,5,110,110,19,0,1819,1818,0,1,29.673817,40,0.000000,0
6,FPP,7,7,2,35,35,4,0,5715,5715,0,0,5.155381,8,0.000000,0
run_id,policy,task_index,task_id,priority,period,deadline,wcet,offset,jobs_released,jobs_completed,deadline_miss,unfinished,rt_avg,rt_max,late_avg,late_max
7,FPP,0,0,2,96,96,14,0,2084,2084,0,0,16.053743,20,0.000000,0
7,FPP,1,1,6,138,138,19,0,1450,1449,0,1,41.158040,71,0.000000,0
7,FPP,2,2,7,141,141,21,0,1419,1418,0,1,59.658674,95,0.000000,0
7,FPP,3,3,5,112,112,8,0,1786,1786,0,0,18.605823,49,0.000000,0
7,FPP,4,4,0,45,45,3,0,4445,4445,0,0,3.000000,3,0.000000,0
7,FPP,5,5,4,102,102,9,0,1961,1961,0,0,16.538501,38,0.000000,0
7,FPP,6,6,3,96,96,9,0,2084,2084,0,0,26.280230,29,0.000000,0
7,FPP,7,7,1,49,49,3,0,4082,4082,0,0,3.267026,6,0.000000,0
run_id,policy,task_index,task_id,priority,period,deadline,wcet,offset,jobs_released,jobs_completed,deadline_miss,unfinished,rt_avg,rt_max,late_avg,late_max
8,FPP,0,0,5,96,96,16,0,2084,2084,0,0,31.463532,43,0.000000,0
8,FPP,1,1,0,26,26,3,0,7693,7693,0,0,3.000000,3,0.000000,0
8,FPP,2,2,1,33,33,6,0,6061,6061,0,0,6.807787,9,0.000000,0
8,FPP,3,3,3,50,50,6,0,4000,4000,0,0,9.265500,17,0.000000,0
8,FPP,4,4,4,52,52,1,0,3847,3847,0,0,6.705485,18,0.000000,0
8,FPP,5,5,7,142,142,9,0,1409,1409,0,0,34.960256,83,0.000000,0
8,FPP,6,6,2,48,48,2,0,4167,4167,0,0,3.364771,11,0.000000,0
8,FPP,7,7,6,132,132,10,0,1516,1515,0,1,34.316832,65,0.000000,0
run_id,policy,task_index,task_id,priority,period,deadline,wcet,offset,jobs_released,jobs_completed,deadline_miss,unfinished,rt_avg,rt_max,late_avg,late_max
9,FPP,0,0,4,65,65,11,0,3077,3077,0,0,14.946051,18,0.000000,0
9,FPP,1,1,7,125,125,14,0,1600,1600,0,0,39.588125,65,0.000000,0
9,FPP,2,2,2,34,34,1,0,5883,5883,0,0,1.489546,6,0.000000,0
9,FPP,3,3,6,100,100,12,0,2000,2000,0,0,27.460000,46,0.000000,0
9,FPP,4,4,0,20,20,2,0,10000,10000,0,0,2.000000,2,0.000000,0
9,FPP,5,5,5,65,65,7,0,3077,3077,0,0,24.341891,27,0.000000,0
9,FPP,6,6,3,37,37,1,0,5406,5406,0,0,1.503330,7,0.000000,0
9,FPP,7,7,1,27,27,3,0,7408,7408,0,0,3.350027,5,0.000000,0
run_id,policy,task_index,task_id,priority,period,deadline,wcet,offset,jobs_released,jobs_completed,deadline_miss,unfinished,rt_avg,rt_max,late_avg,late_max
10,FPP,0,0,6,102,102,18,0,1961,1961,0,0,36.952065,49,0.000000,0
10,FPP,1,1,2,34,34,1,0,5883,5883,0,0,2.121027,8,0.000000,0
10,FPP,2,2,3,64,64,3,0,3125,3125,0,0,4.898560,11,0.000000,0
10,FPP,3,3,0,25,25,5,0,8000,8000,0,0,5.000000,5,0.000000,0
10,FPP,4,4,5,98,98,1,0,2041,2041,0,0,4.498775,23,0.000000,0
10,FPP,5,5,7,109,109,14,0,1835,1835,0,0,43.086104,74,0.000000,0
10,FPP,6,6,1,25,25,2,0,8000,8000,0,0,7.000000,7,0.000000,0
10,FPP,7,7,4,79,79,11,0,2532,2532,0,0,16.519747,22,0.000000,0
run_id,policy,task_index,task_id,priority,period,deadline,wcet,offset,jobs_released,jobs_completed,deadline_miss,unfinished,rt_avg,rt_max,late_avg,late_max
11,FPP,0,0,1,13,13,1,0,15385,15385,0,0,1.083393,2,0.000000,0
11,FPP,1,1,2,18,18,1,0,11112,11112,0,0,1.615371,3,0.000000,0
11,FPP,2,2,5,121,121,8,0,1653,1653,0,0,12.770720,18,0.000000,0
11,FPP,3,3,3,23,23,3,0,8696,8696,0,0,3.754485,6,0.000000,0
11,FPP,4,4,4,45,45,2,0,4445,4445,0,0,3.613273,8,0.000000,0
11,FPP,5,5,7,129,129,10,0,1551,1551,0,0,26.139265,62,0.000000,0
11,FPP,6,6,6,122,122,16,0,1640,1640,0,0,29.430488,43,0.000000,0
11,FPP,7,7,0,12,12,1,0,16667,16667,0,0,1.000000,1,0.000000,0
run_id,policy,task_index,task_id,priority,period,deadline,wcet,offset,jobs_released,jobs_completed,deadline_miss,unfinished,rt_avg,rt_max,late_avg,late_max
12,FPP,0,0,3,88,88,1,0,2273,2273,0,0,2.724153,14,0.000000,0
12,FPP,1,1,1,46,46,10,0,4348,4348,0,0,10.588316,11,0.000000,0
12,FPP,2,2,0,17,17,1,0,11765,11765,0,0,1.000000,1,0.000000,0
12,FPP,3,3,7,142,142,12,0,1409,1409,0,0,60.288148,116,0.000000,0
12,FPP,4,4,2,47,47,2,0,4256,4256,0,0,3.715461,13,0.000000,0
12,FPP,5,5,5,126,126,24,0,1588,1588,0,0,43.936398,68,0.000000,0
12,FPP,6,6,6,131,131,20,0,1527,1527,0,0,56.129011,91,0.000000,0
12,FPP,7,7,4,121,121,15,0,1653,1653,0,0,22.303690,30,0.000000,0
run_id,policy,task_index,task_id,priority,period,deadline,wcet,offset,jobs_released,jobs_completed,deadline_miss,unfinished,rt_avg,rt_max,late_avg,late_max
13,FPP,0,0,3,42,42,4,0,4762,4762,0,0,4.996010,9,0.000000,0
13,FPP,1,1,2,32,32,2,0,6250,6250,0,0,2.418240,5,0.000000,0
13,FPP,2,2,6,109,109,16,0,1835,1835,0,0,27.246322,39,0.000000,0
13,FPP,3,3,0,20,20,1,0,10000,10000,0,0,1.000000,1,0.000000,0
13,FPP,4,4,4,56,56,2,0,3572,3572,0,0,4.533875,11,0.000000,0
13,FPP,5,5,5,86,86,7,0,2326,2326,0,0,10.583835,18,0.000000,0
13,FPP,6,6,1,22,22,2,0,9091,9091,0,0,2.100099,3,0.000000,0
13,FPP,7,7,7,133,133,22,0,1504,1504,0,0,50.043883,75,0.000000,0
run_id,policy,task_index,task_id,priority,period,deadline,wcet,offset,jobs_released,jobs_completed,deadline_miss,unfinished,rt_avg,rt_max,late_avg,late_max
14,FPP,0,0,5,98,98,10,0,2041,2041,0,0,17.268496,36,0.000000,0
14,FPP,1,1,3,89,89,7,0,2248,2248,0,0,9.677491,17,0.000000,0
14,FPP,2,2,1,29,29,2,0,6897,6897,0,0,2.153980,3,0.000000,0
14,FPP,3,3,2,51,51,6,0,3922,3922,0,0,6.984702,9,0.000000,0
14,FPP,4,4,4,97,97,6,0,2062,2062,0,0,9.710475,23,0.000000,0
14,FPP,5,5,0,13,13,1,0,15385,15385,0,0,1.000000,1,0.000000,0
14,FPP,6,6,6,101,101,13,0,1981,1980,0,1,26.901515,50,0.000000,0
14,FPP,7,7,7,143,143,11,0,1399,1399,0,0,32.514653,71,0.000000,0
run_id,policy,task_index,task_id,priority,period,deadline,wcet,offset,jobs_released,jobs_completed,deadline_miss,unfinished,rt_avg,rt_max,late_avg,late_max
15,FPP,0,0,7,128,128,22,0,1563,1562,0,1,59.882202,90,0.000000,0
15,FPP,1,1,2,97,97,6,0,2062,2062,0,0,9.902522,26,0.000000,0
15,FPP,2,2,5,109,109,4,0,1835,1835,0,0,10.212534,40,0.000000,0
15,FPP,3,3,3,100,100,1,0,2000,2000,0,0,3.726500,27,0.000000,0
15,FPP,4,4,6,120,120,18,0,1667,1667,0,0,36.344931,68,0.000000,0
15,FPP,5,5,0,51,51,10,0,3922,3922,0,0,10.000000,10,0.000000,0
15,FPP,6,6,4,105,105,9,0,1905,1905,0,0,15.500262,36,0.000000,0
15,FPP,7,7,1,93,93,10,0,2151,2151,0,0,13.061832,20,0.000000,0
run_id,policy,task_index,task_id,priority,period,deadline,wcet,offset,jobs_released,jobs_completed,deadline_miss,unfinished,rt_avg,rt_max,late_avg,late_max
16,FPP,0,0,1,25,25,3,0,8000,8000,0,0,3.249875,4,0.000000,0
16,FPP,1,1,4,88,88,10,0,2273,2273,0,0,19.296084,39,0.000000,0
16,FPP,2,2,7,139,139,3,0,1439,1439,2,0,34.266157,150,0.011119,11
16,FPP,3,3,0,12,12,1,0,16667,16667,0,0,1.000000,1,0.000000,0
16,FPP,4,4,2,76,76,6,0,2632,2632,0,0,7.666413,10,0.000000,0
16,FPP,5,5,5,92,92,15,0,2174,2174,0,0,34.603496,58,0.000000,0
16,FPP,6,6,6,102,102,14,0,1961,1961,0,0,47.888832,74,0.000000,0
16,FPP,7,7,3,77,77,13,0,2598,2598,0,0,17.995766,24,0.000000,0
run_id,policy,task_index,task_id,priority,period,deadline,wcet,offset,jobs_released,jobs_completed,deadline_miss,unfinished,rt_avg,rt_max,late_avg,late_max
17,FPP,0,0,1,21,21,1,0,9524,9524,0,0,1.353108,4,0.000000,0
17,FPP,1,1,0,17,17,3,0,11765,11765,0,0,3.000000,3,0.000000,0
17,FPP,2,2,6,143,143,12,0,1399,1399,0,0,39.886347,93,0.000000,0
17,FPP,3,3,7,149,149,6,0,1343,1343,0,0,32.845123,99,0.000000,0
17,FPP,4,4,5,115,115,10,0,1740,1739,0,1,26.085681,46,0.000000,0
17,FPP,5,5,3,60,60,6,0,3334,3334,0,0,10.194061,21,0.000000,0
17,FPP,6,6,4,77,77,10,0,2598,2598,0,0,19.463048,32,0.000000,0
17,FPP,7,7,2,52,52,8,0,3847,3847,0,0,10.127372,12,0.000000,0
run_id,policy,task_index,task_id,priority,period,deadline,wcet,offset,jobs_released,jobs_completed,deadline_miss,unfinished,rt_avg,rt_max,late_avg,late_max
18,FPP,0,0,3,55,55,7,0,3637,3637,0,0,9.518284,13,0.000000,0
18,FPP,1,1,2,40,40,1,0,5000,5000,0,0,2.308000,5,0.000000,0
18,FPP,2,2,1,26,26,3,0,7693,7693,0,0,3.399974,4,0.000000,0
18,FPP,3,3,7,133,133,21,0,1504,1504,0,0,60.104388,95,0.000000,0
18,FPP,4,4,0,10,10,1,0,20000,20000,0,0,1.000000,1,0.000000,0
18,FPP,5,5,4,106,106,1,0,1887,1887,0,0,2.517753,14,0.000000,0
18,FPP,6,6,6,131,131,18,0,1527,1527,0,0,37.664702,67,0.000000,0
18,FPP,7,7,5,116,116,16,0,1725,1724,0,1,25.548724,35,0.000000,0
run_id,policy,task_index,task_id,priority,period,deadline,wcet,offset,jobs_released,jobs_completed,deadline_miss,unfinished,rt_avg,rt_max,late_avg,late_max
19,FPP,0,0,6,117,117,18,0,1710,1710,0,0,44.007602,76,0.000000,0
19,FPP,1,1,3,90,90,5,0,2223,2223,0,0,8.267206,25,0.000000,0
19,FPP,2,2,0,33,33,1,0,6061,6061,0,0,1.000000,1,0.000000,0
19,FPP,3,3,4,99,99,6,0,2021,2021,0,0,11.878773,31,0.000000,0
19,FPP,4,4,5,107,107,18,0,1870,1869,0,1,31.189406,50,0.000000,0
19,FPP,5,5,2,84,84,12,0,2381,2381,0,0,14.480890,20,0.000000,0
19,FPP,6,6,1,53,53,7,0,3774,3774,0,0,7.212242,8,0.000000,0
19,FPP,7,7,7,141,141,7,0,1419,1419,0,0,34.131783,83,0.000000,0
run_id,policy,task_index,task_id,priority,period,deadline,wcet,offset,jobs_released,jobs_completed,deadline_miss,unfinished,rt_avg,rt_max,late_avg,late_max
20,FPP,0,0,1,108,108,8,0,1852,1852,0,0,8.195464,9,0.000000,0
20,FPP,1,1,7,142,142,33,0,1409,1409,0,0,77.435770,120,0.000000,0
20,FPP,2,2,5,132,132,8,0,1516,1516,0,0,11.932718,37,0.000000,0
20,FPP,3,3,4,129,129,14,0,1551,1551,0,0,16.695680,29,0.000000,0
20,FPP,4,4,2,111,111,2,0,1802,1802,0,0,2.489456,11,0.000000,0
20,FPP,5,5,3,124,124,4,0,1613,1613,0,0,4.700558,15,0.000000,0
20,FPP,6,6,0,41,41,1,0,4879,4879,0,0,1.000000,1,0.000000,0
20,FPP,7,7,6,139,139,38,0,1439,1439,0,0,55.668520,76,0.000000,0
run_id,policy,task_index,task_id,priority,period,deadline,wcet,offset,jobs_released,jobs_completed,deadline_miss,unfinished,rt_avg,rt_max,late_avg,late_max
21,FPP,0,0,0,29,29,2,0,6897,6897,0,0,2.000000,2,0.000000,0
21,FPP,1,1,5,125,125,25,0,1600,1600,0,0,39.099375,50,0.000000,0
21,FPP,2,2,7,148,148,26,0,1352,1352,0,0,69.291420,100,0.000000,0
21,FPP,3,3,4,109,109,7,0,1835,1835,0,0,10.520436,21,0.000000,0
21,FPP,4,4,2,55,55,8,0,3637,3637,0,0,9.119879,12,0.000000,0
21,FPP,5,5,6,132,132,8,0,1516,1516,0,0,23.316623,70,0.000000,0
21,FPP,6,6,1,37,37,2,0,5406,5406,0,0,2.172586,4,0.000000,0
21,FPP,7,7,3,57,57,2,0,3509,3509,0,0,3.396409,14,0.000000,0
run_id,policy,task_index,task_id,priority,period,deadline,wcet,offset,jobs_released,jobs_completed,deadline_miss,unfinished,rt_avg,rt_max,late_avg,late_max
22,FPP,0,0,6,138,138,14,0,1450,1450,0,0,43.013103,93,0.000000,0
22,FPP,1,1,5,131,131,23,0,1527,1527,0,0,43.494434,67,0.000000,0
22,FPP,2,2,2,98,98,2,0,2041,2041,0,0,3.030867,13,0.000000,0
22,FPP,3,3,7,144,144,12,0,1389,1389,1,0,51.769618,187,0.030958,43
22,FPP,4,4,1,81,81,10,0,2470,2470,0,0,10.588259,11,0.000000,0
22,FPP,5,5,3,102,102,19,0,1961,1961,0,0,24.646609,33,0.000000,0
22,FPP,6,6,0,17,17,1,0,11765,11765,0,0,1.000000,1,0.000000,0
22,FPP,7,7,4,109,109,9,0,1835,1835,0,0,17.023978,43,0.000000,0
run_id,policy,task_index,task_id,priority,period,deadline,wcet,offset,jobs_released,jobs_completed,deadline_miss,unfinished,rt_avg,rt_max,late_avg,late_max
23,FPP,0,0,4,101,101,2,0,1981,1981,0,0,6.998990,36,0.000000,0
23,FPP,1,1,0,69,69,8,0,2899,2899,0,0,8.000000,8,0.000000,0
23,FPP,2,2,7,150,150,29,0,1334,1333,0,1,74.092273,133,0.000000,0
23,FPP,3,3,6,109,109,1,0,1835,1835,0,0,10.376567,52,0.000000,0
23,FPP,4,4,2,83,83,2,0,2410,2410,0,0,4.658506,23,0.000000,0
23,FPP,5,5,1,70,70,13,0,2858,2857,0,1,14.906895,21,0.000000,0
23,FPP,6,6,5,102,102,15,0,1961,1961,0,0,28.974503,51,0.000000,0
23,FPP,7,7,3,91,91,11,0,2198,2198,0,0,17.281165,34,0.000000,0
run_id,policy,task_index,task_id,priority,period,deadline,wcet,offset,jobs_released,jobs_completed,deadline_miss,unfinished,rt_avg,rt_max,late_avg,late_max
24,FPP,0,0,5,94,94,10,0,2128,2128,0,0,17.918703,30,0.000000,0
24,FPP,1,1,1,32,32,3,0,6250,6250,0,0,3.368480,5,0.000000,0
24,FPP,2,2,6,96,96,13,0,2084,2084,0,0,30.869002,52,0.000000,0
24,FPP,3,3,7,138,138,14,0,1450,1449,0,1,43.843340,76,0.000000,0
24,FPP,4,4,3,57,57,1,0,3509,3509,0,0,3.966657,10,0.000000,0
24,FPP,5,5,0,19,19,2,0,10527,10527,0,0,2.000000,2,0.000000,0
24,FPP,6,6,4,76,76,8,0,2632,2632,0,0,13.149696,18,0.000000,0
24,FPP,7,7,2,33,33,4,0,6061,6061,0,0,5.060386,9,0.000000,0
run_id,policy,task_index,task_id,priority,period,deadline,wcet,offset,jobs_released,jobs_completed,deadline_miss,unfinished,rt_avg,rt_max,late_avg,late_max
25,FPP,0,0,3,59,59,4,0,3390,3390,0,0,6.065192,16,0.000000,0
25,FPP,1,1,1,54,54,6,0,3704,3704,0,0,8.500000,11,0.000000,0
25,FPP,2,2,6,128,128,9,0,1563,1563,0,0,22.118362,51,0.000000,0
25,FPP,3,3,2,54,54,1,0,3704,3704,0,0,9.500000,12,0.000000,0
25,FPP,4,4,7,144,144,25,0,1389,1389,0,0,66.326854,94,0.000000,0
25,FPP,5,5,4,60,60,2,0,3334,3334,0,0,5.102579,18,0.000000,0
25,FPP,6,6,0,36,36,5,0,5556,5556,0,0,5.000000,5,0.000000,0
25,FPP,7,7,5,116,116,19,0,1725,1724,0,1,29.808585,42,0.000000,0
run_id,policy,task_index,task_id,priority,period,deadline,wcet,offset,jobs_released,jobs_completed,deadline_miss,unfinished,rt_avg,rt_max,late_avg,late_max
26,FPP,0,0,1,25,25,1,0,8000,8000,0,0,1.500000,3,0.000000,0
26,FPP,1,1,5,134,134,21,0,1493,1493,0,0,32.166778,39,0.000000,0
26,FPP,2,2,4,94,94,3,0,2128,2128,0,0,4.687500,12,0.000000,0
26,FPP,3,3,6,141,141,16,0,1419,1419,0,0,35.182523,66,0.000000,0
26,FPP,4,4,7,141,141,20,0,1419,1418,0,1,73.478138,92,0.000000,0
26,FPP,5,5,2,26,26,3,0,7693,7693,0,0,3.539971,6,0.000000,0
26,FPP,6,6,0,20,20,2,0,10000,10000,0,0,2.000000,2,0.000000,0
26,FPP,7,7,3,49,49,3,0,4082,4082,0,0,4.130573,9,0.000000,0
run_id,policy,task_index,task_id,priority,period,deadline,wcet,offset,jobs_released,jobs_completed,deadline_miss,unfinished,rt_avg,rt_max,late_avg,late_max
27,FPP,0,0,6,111,111,9,0,1802,1802,0,0,26.107103,56,0.000000,0
27,FPP,1,1,2,49,49,1,0,4082,4082,0,0,1.633758,7,0.000000,0
27,FPP,2,2,1,26,26,3,0,7693,7693,0,0,3.700117,6,0.000000,0
27,FPP,3,3,0,20,20,3,0,10000,10000,0,0,3.000000,3,0.000000,0
27,FPP,4,4,3,63,63,10,0,3175,3175,0,0,13.782362,17,0.000000,0
27,FPP,5,5,4,73,73,4,0,2740,2740,0,0,8.282847,24,0.000000,0
27,FPP,6,6,5,95,95,13,0,2106,2106,0,0,25.813390,40,0.000000,0
27,FPP,7,7,7,145,145,12,0,1380,1379,0,1,42.762872,91,0.000000,0
run_id,policy,task_index,task_id,priority,period,deadline,wcet,offset,jobs_released,jobs_completed,deadline_miss,unfinished,rt_avg,rt_max,late_avg,late_max
28,FPP,0,0,0,15,15,2,0,13334,13334,0,0,2.000000,2,0.000000,0
28,FPP,1,1,2,24,24,1,0,8334,8334,0,0,1.600072,4,0.000000,0
28,FPP,2,2,4,67,67,13,0,2986,2985,0,1,21.934338,34,0.000000,0
28,FPP,3,3,1,15,15,1,0,13334,13334,0,0,3.000000,3,0.000000,0
28,FPP,4,4,5,93,93,9,0,2151,2151,0,0,23.070200,43,0.000000,0
28,FPP,5,5,3,63,63,10,0,3175,3175,0,0,13.025197,14,0.000000,0
28,FPP,6,6,7,136,136,15,0,1471,1471,0,0,50.576479,111,0.000000,0
28,FPP,7,7,6,113,113,3,0,1770,1770,0,0,15.402260,50,0.000000,0
run_id,policy,task_index,task_id,priority,period,deadline,wcet,offset,jobs_released,jobs_completed,deadline_miss,unfinished,rt_avg,rt_max,late_avg,late_max
29,FPP,0,0,3,74,74,3,0,2703,2703,0,0,5.570477,19,0.000000,0
29,FPP,1,1,6,117,117,17,0,1710,1710,0,0,40.133333,63,0.000000,0
29,FPP,2,2,2,65,65,12,0,3077,3077,0,0,13.571986,16,0.000000,0
29,FPP,3,3,7,122,122,13,0,1640,1639,2,1,49.348993,157,0.025625,35
29,FPP,4,4,1,41,41,1,0,4879,4879,0,0,1.187538,4,0.000000,0
29,FPP,5,5,4,91,91,12,0,2198,2198,0,0,18.762056,31,0.000000,0
29,FPP,6,6,5,96,96,11,0,2084,2084,0,0,24.254798,46,0.000000,0
29,FPP,7,7,0,32,32,3,0,6250,6250,0,0,3.000000,3,0.000000,0
run_id,policy,task_index,task_id,priority,period,deadline,wcet,offset,jobs_released,jobs_completed,deadline_miss,unfinished,rt_avg,rt_max,late_avg,late_max
30,FPP,0,0,0,10,10,1,0,20000,20000,0,0,1.000000,1,0.000000,0
30,FPP,1,1,7,118,118,17,0,1695,1695,0,0,50.076106,86,0.000000,0
30,FPP,2,2,1,46,46,5,0,4348,4348,0,0,5.600046,6,0.000000,0
30,FPP,3,3,5,111,111,15,0,1802,1802,0,0,26.067703,39,0.000000,0
30,FPP,4,4,2,55,55,8,0,3637,3637,0,0,10.348364,15,0.000000,0
30,FPP,5,5,4,100,100,6,0,2000,2000,0,0,10.903000,23,0.000000,0
30,FPP,6,6,3,68,68,1,0,2942,2942,0,0,2.723657,16,0.000000,0
30,FPP,7,7,6,113,113,11,0,1770,1770,0,0,26.884181,66,0.000000,0
run_id,policy,task_index,task_id,priority,period,deadline,wcet,offset,jobs_released,jobs_completed,deadline_miss,unfinished,rt_avg,rt_max,late_avg,late_max
31,FPP,0,0,3,70,70,14,0,2858,2857,0,1,20.259013,29,0.000000,0
31,FPP,1,1,7,115,115,7,0,1740,1739,1,1,31.089132,127,0.006901,12
31,FPP,2,2,5,88,88,5,0,2273,2273,0,0,18.468544,47,0.000000,0
31,FPP,3,3,4,84,84,11,0,2381,2381,0,0,22.889962,41,0.000000,0
31,FPP,4,4,1,54,54,8,0,3704,3704,0,0,8.600162,9,0.000000,0
31,FPP,5,5,0,15,15,1,0,13334,13334,0,0,1.000000,1,0.000000,0
31,FPP,6,6,6,96,96,6,0,2084,2084,0,0,22.874280,53,0.000000,0
31,FPP,7,7,2,55,55,5,0,3637,3637,0,0,6.763541,14,0.000000,0
run_id,policy,task_index,task_id,priority,period,deadline,wcet,offset,jobs_released,jobs_completed,deadline_miss,unfinished,rt_avg,rt_max,late_avg,late_max
32,FPP,0,0,2,78,78,3,0,2565,2565,0,0,3.854971,10,0.000000,0
32,FPP,1,1,7,146,146,12,0,1370,1370,0,0,41.921898,89,0.000000,0
32,FPP,2,2,4,92,92,12,0,2174,2174,0,0,16.385465,26,0.000000,0
32,FPP,3,3,0,35,35,4,0,5715,5715,0,0,4.000000,4,0.000000,0
32,FPP,4,4,3,82,82,4,0,2440,2439,0,1,5.340303,14,0.000000,0
32,FPP,5,5,1,47,47,3,0,4256,4256,0,0,3.514098,7,0.000000,0
32,FPP,6,6,5,92,92,15,0,2174,2174,0,0,36.532659,45,0.000000,0
32,FPP,7,7,6,133,133,18,0,1504,1504,0,0,41.235372,66,0.000000,0
run_id,policy,task_index,task_id,priority,period,deadline,wcet,offset,jobs_released,jobs_completed,deadline_miss,unfinished,rt_avg,rt_max,late_avg,late_max
33,FPP,0,0,7,123,123,1,0,1627,1627,0,0,27.916411,87,0.000000,0
33,FPP,1,1,1,71,71,4,0,2817,2817,0,0,4.490238,8,0.000000,0
33,FPP,2,2,2,74,74,1,0,2703,2703,0,0,1.406585,9,0.000000,0
33,FPP,3,3,3,94,94,28,0,2128,2128,0,0,33.118421,37,0.000000,0
33,FPP,4,4,4,108,108,7,0,1852,1852,0,0,17.362851,44,0.000000,0
33,FPP,5,5,6,118,118,32,0,1695,1695,0,0,64.291445,86,0.000000,0
33,FPP,6,6,0,45,45,4,0,4445,4445,0,0,4.000000,4,0.000000,0
33,FPP,7,7,5,117,117,1,0,1710,1710,0,0,9.941520,45,0.000000,0
run_id,policy,task_index,task_id,priority,period,deadline,wcet,offset,jobs_released,jobs_completed,deadline_miss,unfinished,rt_avg,rt_max,late_avg,late_max
34,FPP,0,0,0,11,11,1,0,18182,18182,0,0,1.000000,1,0.000000,0
34,FPP,1,1,2,17,17,1,0,11765,11765,0,0,1.175861,3,0.000000,0
34,FPP,2,2,7,114,114,17,0,1755,1754,0,1,52.177879,71,0.000000,0
34,FPP,3,3,3,24,24,2,0,8334,8334,0,0,2.566715,5,0.000000,0
34,FPP,4,4,5,81,81,12,0,2470,2469,0,1,22.614824,38,0.000000,0
34,FPP,5,5,1,15,15,1,0,13334,13334,0,0,1.090970,2,0.000000,0
34,FPP,6,6,4,76,76,12,0,2632,2632,0,0,16.885638,20,0.000000,0
34,FPP,7,7,6,88,88,7,0,2273,2273,0,0,21.225693,47,0.000000,0
run_id,policy,task_index,task_id,priority,period,deadline,wcet,offset,jobs_released,jobs_completed,deadline_miss,unfinished,rt_avg,rt_max,late_avg,late_max
35,FPP,0,0,7,117,117,6,0,1710,1710,0,0,25.954971,65,0.000000,0
35,FPP,1,1,1,42,42,6,0,4762,4762,0,0,7.000000,7,0.000000,0
35,FPP,2,2,2,75,75,12,0,2667,2667,0,0,14.644544,19,0.000000,0
35,FPP,3,3,3,79,79,11,0,2532,2532,0,0,17.524092,31,0.000000,0
35,FPP,4,4,5,90,90,2,0,2223,2223,0,0,10.379217,39,0.000000,0
35,FPP,5,5,4,82,82,6,0,2440,2439,0,1,14.097991,37,0.000000,0
35,FPP,6,6,6,91,91,12,0,2198,2198,0,0,29.920382,58,0.000000,0
35,FPP,7,7,0,21,21,1,0,9524,9524,0,0,1.000000,1,0.000000,0
run_id,policy,task_index,task_id,priority,period,deadline,wcet,offset,jobs_released,jobs_completed,deadline_miss,unfinished,rt_avg,rt_max,late_avg,late_max
36,FPP,0,0,3,94,94,3,0,2128,2128,0,0,7.445959,24,0.000000,0
36,FPP,1,1,4,98,98,18,0,2041,2041,0,0,34.797158,52,0.000000,0
36,FPP,2,2,5,115,115,2,0,1740,1740,0,0,13.928161,54,0.000000,0
36,FPP,3,3,1,35,35,4,0,5715,5715,0,0,5.218548,10,0.000000,0
36,FPP,4,4,0,32,32,6,0,6250,6250,0,0,6.000000,6,0.000000,0
36,FPP,5,5,2,71,71,11,0,2817,2817,0,0,15.623358,21,0.000000,0
36,FPP,6,6,6,129,129,17,0,1551,1551,0,0,52.778852,92,0.000000,0
36,FPP,7,7,7,145,145,1,0,1380,1380,0,0,24.733333,93,0.000000,0
run_id,policy,task_index,task_id,priority,period,deadline,wcet,offset,jobs_released,jobs_completed,deadline_miss,unfinished,rt_avg,rt_max,late_avg,late_max
37,FPP,0,0,5,123,123,2,0,1627,1627,0,0,8.731407,49,0.000000,0
37,FPP,1,1,3,116,116,4,0,1725,1725,0,0,8.833623,23,0.000000,0
37,FPP,2,2,7,147,147,24,0,1361,1361,1,0,66.953711,191,0.032329,44
37,FPP,3,3,4,120,120,24,0,1667,1667,0,0,31.608878,47,0.000000,0
37,FPP,4,4,2,112,112,4,0,1786,1786,0,0,5.626540,19,0.000000,0
37,FPP,5,5,6,146,146,28,0,1370,1370,0,0,51.252555,77,0.000000,0
37,FPP,6,6,1,111,111,2,0,1802,1802,0,0,3.211432,15,0.000000,0
37,FPP,7,7,0,87,87,13,0,2299,2299,0,0,13.000000,13,0.000000,0
run_id,policy,task_index,task_id,priority,period,deadline,wcet,offset,jobs_released,jobs_completed,deadline_miss,unfinished,rt_avg,rt_max,late_avg,late_max
38,FPP,0,0,0,74,74,18,0,2703,2703,0,0,18.000000,18,0.000000,0
38,FPP,1,1,3,98,98,11,0,2041,2041,0,0,20.717295,43,0.000000,0
38,FPP,2,2,4,120,120,12,0,1667,1667,0,0,27.352729,55,0.000000,0
38,FPP,3,3,2,96,96,3,0,2084,2084,0,0,8.187620,32,0.000000,0
38,FPP,4,4,5,123,123,15,0,1627,1626,0,1,41.672202,70,0.000000,0
38,FPP,5,5,1,82,82,11,0,2440,2439,0,1,15.863469,29,0.000000,0
38,FPP,6,6,7,138,138,7,0,1450,1450,1,0,37.820000,182,0.030345,44
38,FPP,7,7,6,137,137,3,0,1460,1460,0,0,23.044521,73,0.000000,0
run_id,policy,task_index,task_id,priority,period,deadline,wcet,offset,jobs_released,jobs_completed,deadline_miss,unfinished,rt_avg,rt_max,late_avg,late_max
39,FPP,0,0,6,127,127,17,0,1575,1575,0,0,43.090159,93,0.000000,0
39,FPP,1,1,5,118,118,18,0,1695,1695,0,0,33.108555,53,0.000000,0
39,FPP,2,2,3,77,77,13,0,2598,2598,0,0,16.339492,21,0.000000,0
39,FPP,3,3,1,37,37,3,0,5406,5406,0,0,3.233814,5,0.000000,0
39,FPP,4,4,7,133,133,9,0,1504,1504,0,0,40.805186,102,0.000000,0
39,FPP,5,5,2,56,56,3,0,3572,3572,0,0,3.641937,8,0.000000,0
39,FPP,6,6,4,110,110,9,0,1819,1819,0,0,15.567894,30,0.000000,0
39,FPP,7,7,0,30,30,2,0,6667,6667,0,0,2.000000,2,0.000000,0
run_id,policy,task_index,task_id,priority,period,deadline,wcet,offset,jobs_released,jobs_completed,deadline_miss,unfinished,rt_avg,rt_max,late_avg,late_max
40,FPP,0,0,0,13,13,1,0,15385,15385,0,0,1.000000,1,0.000000,0
40,FPP,1,1,2,52,52,3,0,3847,3847,0,0,4.962568,11,0.000000,0
40,FPP,2,2,3,89,89,6,0,2248,2248,0,0,8.610765,18,0.000000,0
40,FPP,3,3,4,101,101,14,0,1981,1980,0,1,21.374747,33,0.000000,0
40,FPP,4,4,1,51,51,7,0,3922,3922,0,0,7.539011,8,0.000000,0
40,FPP,5,5,5,146,146,25,0,1370,1370,0,0,47.687591,71,0.000000,0
40,FPP,6,6,6,148,148,1,0,1352,1352,0,0,13.784024,72,0.000000,0
40,FPP,7,7,7,148,148,28,0,1352,1351,0,1,80.822354,135,0.000000,0
run_id,policy,task_index,task_id,priority,period,deadline,wcet,offset,jobs_released,jobs_completed,deadline_miss,unfinished,rt_avg,rt_max,late_avg,late_max
41,FPP,0,0,5,55,55,8,0,3637,3637,0,0,13.612043,23,0.000000,0
41,FPP,1,1,3,47,47,2,0,4256,4256,0,0,3.074483,10,0.000000,0
41,FPP,2,2,1,30,30,2,0,6667,6667,0,0,2.086996,3,0.000000,0
41,FPP,3,3,0,23,23,1,0,8696,8696,0,0,1.000000,1,0.000000,0
41,FPP,4,4,6,125,125,15,0,1600,1600,0,0,32.431875,46,0.000000,0
41,FPP,5,5,7,128,128,18,0,1563,1563,0,0,58.250800,88,0.000000,0
41,FPP,6,6,2,32,32,5,0,6250,6250,0,0,5.640320,8,0.000000,0
41,FPP,7,7,4,52,52,5,0,3847,3847,0,0,7.656616,15,0.000000,0
run_id,policy,task_index,task_id,priority,period,deadline,wcet,offset,jobs_released,jobs_completed,deadline_miss,unfinished,rt_avg,rt_max,late_avg,late_max
42,FPP,0,0,2,87,87,6,0,2299,2299,0,0,6.678556,8,0.000000,0
42,FPP,1,1,4,124,124,18,0,1613,1613,0,0,28.982641,47,0.000000,0
42,FPP,2,2,6,145,145,1,0,1380,1380,0,0,21.047826,78,0.000000,0
42,FPP,3,3,3,92,92,17,0,2174,2174,0,0,20.763109,26,0.000000,0
42,FPP,4,4,0,14,14,1,0,14286,14286,0,0,1.000000,1,0.000000,0
42,FPP,5,5,7,147,147,8,0,1361,1361,0,0,36.174871,112,0.000000,0
42,FPP,6,6,5,142,142,27,0,1409,1409,0,0,53.802697,77,0.000000,0
42,FPP,7,7,1,28,28,1,0,7143,7143,0,0,2.000000,2,0.000000,0
run_id,policy,task_index,task_id,priority,period,deadline,wcet,offset,jobs_released,jobs_completed,deadline_miss,unfinished,rt_avg,rt_max,late_avg,late_max
43,FPP,0,0,0,26,26,2,0,7693,7693,0,0,2.000000,2,0.000000,0
43,FPP,1,1,5,99,99,15,0,2021,2020,0,1,37.973267,63,0.000000,0
43,FPP,2,2,3,63,63,13,0,3175,3175,0,0,16.294173,19,0.000000,0
43,FPP,3,3,7,135,135,4,0,1482,1482,0,0,27.755735,87,0.000000,0
43,FPP,4,4,6,105,105,2,0,1905,1905,0,0,23.092388,78,0.000000,0
43,FPP,5,5,1,26,26,3,0,7693,7693,0,0,5.000000,5,0.000000,0
43,FPP,6,6,4,97,97,18,0,2062,2062,0,0,30.616877,42,0.000000,0
43,FPP,7,7,2,46,46,1,0,4348,4348,0,0,1.693192,6,0.000000,0
run_id,policy,task_index,task_id,priority,period,deadline,wcet,offset,jobs_released,jobs_completed,deadline_miss,unfinished,rt_avg,rt_max,late_avg,late_max
44,FPP,0,0,6,116,116,24,0,1725,1724,0,1,40.068445,54,0.000000,0
44,FPP,1,1,1,68,68,3,0,2942,2942,0,0,3.181849,4,0.000000,0
44,FPP,2,2,5,85,85,8,0,2353,2353,0,0,12.895028,29,0.000000,0
44,FPP,3,3,2,69,69,12,0,2899,2899,0,0,13.169024,16,0.000000,0
44,FPP,4,4,3,76,76,3,0,2632,2632,0,0,5.156535,19,0.000000,0
44,FPP,5,5,0,22,22,1,0,9091,9091,0,0,1.000000,1,0.000000,0
44,FPP,6,6,7,117,117,24,0,1710,1709,0,1,61.425980,107,0.000000,0
44,FPP,7,7,4,83,83,1,0,2410,2410,0,0,2.775104,20,0.000000,0
run_id,policy,task_index,task_id,priority,period,deadline,wcet,offset,jobs_released,jobs_completed,deadline_miss,unfinished,rt_avg,rt_max,late_avg,late_max
45,FPP,0,0,0,10,10,1,0,20000,20000,0,0,1.000000,1,0.000000,0
45,FPP,1,1,2,42,42,7,0,4762,4762,0,0,9.600168,13,0.000000,0
45,FPP,2,2,1,30,30,4,0,6667,6667,0,0,5.000000,5,0.000000,0
45,FPP,3,3,5,68,68,9,0,2942,2941,0,1,23.766066,39,0.000000,0
45,FPP,4,4,3,44,44,8,0,4546,4546,0,0,13.523097,22,0.000000,0
45,FPP,5,5,6,74,74,3,0,2703,2703,0,0,16.711062,67,0.000000,0
45,FPP,6,6,7,136,136,1,0,1471,1471,0,0,28.757988,68,0.000000,0
45,FPP,7,7,4,58,58,3,0,3449,3449,0,0,9.243839,25,0.000000,0
run_id,policy,task_index,task_id,priority,period,deadline,wcet,offset,jobs_released,jobs_completed,deadline_miss,unfinished,rt_avg,rt_max,late_avg,late_max
46,FPP,0,0,4,123,123,25,0,1627,1626,0,1,31.851169,44,0.000000,0
46,FPP,1,1,2,105,105,1,0,1905,1905,0,0,1.774278,12,0.000000,0
46,FPP,2,2,7,139,139,33,0,1439,1439,0,0,76.788047,111,0.000000,0
46,FPP,3,3,6,137,137,9,0,1460,1460,0,0,23.889726,66,0.000000,0
46,FPP,4,4,5,127,127,13,0,1575,1575,0,0,25.174603,57,0.000000,0
46,FPP,5,5,1,80,80,7,0,2500,2500,0,0,7.509600,11,0.000000,0
46,FPP,6,6,0,67,67,4,0,2986,2986,0,0,4.000000,4,0.000000,0
46,FPP,7,7,3,122,122,7,0,1640,1640,0,0,8.648171,19,0.000000,0
run_id,policy,task_index,task_id,priority,period,deadline,wcet,offset,jobs_released,jobs_completed,deadline_miss,unfinished,rt_avg,rt_max,late_avg,late_max
47,FPP,0,0,3,89,89,13,0,2248,2247,0,1,18.193591,31,0.000000,0
47,FPP,1,1,4,106,106,6,0,1887,1887,0,0,12.429253,37,0.000000,0
47,FPP,2,2,2,86,86,12,0,2326,2326,0,0,13.740757,18,0.000000,0
47,FPP,3,3,6,129,129,8,0,1551,1551,0,0,27.138620,66,0.000000,0
47,FPP,4,4,1,52,52,5,0,3847,3847,0,0,5.135170,6,0.000000,0
47,FPP,5,5,0,37,37,1,0,5406,5406,0,0,1.000000,1,0.000000,0
47,FPP,6,6,5,127,127,15,0,1575,1575,0,0,29.171429,58,0.000000,0
47,FPP,7,7,7,129,129,20,0,1551,1550,0,1,66.550968,124,0.000000,0
run_id,policy,task_index,task_id,priority,period,deadline,wcet,offset,jobs_released,jobs_completed,deadline_miss,unfinished,rt_avg,rt_max,late_avg,late_max
48,FPP,0,0,6,115,115,7,0,1740,1740,0,0,26.016667,56,0.000000,0
48,FPP,1,1,0,25,25,3,0,8000,8000,0,0,3.000000,3,0.000000,0
48,FPP,2,2,7,129,129,3,0,1551,1551,0,0,19.499033,59,0.000000,0
48,FPP,3,3,4,75,75,9,0,2667,2667,0,0,19.025497,36,0.000000,0
48,FPP,4,4,3,66,66,9,0,3031,3031,0,0,13.442428,24,0.000000,0
48,FPP,5,5,2,64,64,7,0,3125,3125,0,0,8.931520,15,0.000000,0
48,FPP,6,6,1,59,59,5,0,3390,3390,0,0,5.720354,8,0.000000,0
48,FPP,7,7,5,76,76,10,0,2632,2632,0,0,24.185790,46,0.000000,0
run_id,policy,task_index,task_id,priority,period,deadline,wcet,offset,jobs_released,jobs_completed,deadline_miss,unfinished,rt_avg,rt_max,late_avg,late_max
49,FPP,0,0,7,139,139,14,0,1439,1439,0,0,44.403058,96,0.000000,0
49,FPP,1,1,5,132,132,21,0,1516,1515,0,1,33.869967,43,0.000000,0
49,FPP,2,2,2,28,28,3,0,7143,7143,0,0,3.381912,5,0.000000,0
49,FPP,3,3,6,133,133,17,0,1504,1504,0,0,37.760638,69,0.000000,0
49,FPP,4,4,0,20,20,1,0,10000,10000,0,0,1.000000,1,0.000000,0
49,FPP,5,5,4,73,73,8,0,2740,2740,0,0,10.785401,16,0.000000,0
49,FPP,6,6,3,52,52,3,0,3847,3847,0,0,3.878347,8,0.000000,0
49,FPP,7,7,1,22,22,1,0,9091,9091,0,0,1.100099,2,0.000000,0
run_id,policy,task_index,task_id,priority,period,deadline,wcet,offset,jobs_released,jobs_completed,deadline_miss,unfinished,rt_avg,rt_max,late_avg,late_max
50,FPP,0,0,6,81,81,6,0,2470,2470,0,0,16.313360,37,0.000000,0
50,FPP,1,1,3,46,46,6,0,4348,4348,0,0,7.866145,13,0.000000,0
50,FPP,2,2,0,21,21,1,0,9524,9524,0,0,1.000000,1,0.000000,0
50,FPP,3,3,4,65,65,12,0,3077,3077,0,0,18.512837,27,0.000000,0
50,FPP,4,4,2,38,38,5,0,5264,5264,0,0,5.523936,7,0.000000,0
50,FPP,5,5,1,22,22,1,0,9091,9091,0,0,1.047630,2,0.000000,0
50,FPP,6,6,5,79,79,4,0,2532,2532,0,0,10.966825,31,0.000000,0
50,FPP,7,7,7,148,148,17,0,1352,1352,0,0,48.223373,104,0.000000,0
run_id,policy,task_index,task_id,priority,period,deadline,wcet,offset,jobs_released,jobs_completed,deadline_miss,unfinished,rt_avg,rt_max,late_avg,late_max
51,FPP,0,0,6,103,103,16,0,1942,1942,0,0,42.358393,63,0.000000,0
51,FPP,1,1,7,150,150,6,0,1334,1334,0,0,34.547226,90,0.000000,0
51,FPP,2,2,3,63,63,8,0,3175,3175,0,0,12.729134,16,0.000000,0
51,FPP,3,3,4,70,70,2,0,2858,2858,0,0,5.367040,18,0.000000,0
51,FPP,4,4,5,101,101,17,0,1981,1980,0,1,31.261616,46,0.000000,0
51,FPP,5,5,1,21,21,2,0,9524,9524,0,0,2.181856,3,0.000000,0
51,FPP,6,6,2,33,33,4,0,6061,6061,0,0,5.571523,7,0.000000,0
51,FPP,7,7,0,11,11,1,0,18182,18182,0,0,1.000000,1,0.000000,0
run_id,policy,task_index,task_id,priority,period,deadline,wcet,offset,jobs_released,jobs_completed,deadline_miss,unfinished,rt_avg,rt_max,late_avg,late_max
52,FPP,0,0,4,100,100,1,0,2000,2000,0,0,2.411000,14,0.000000,0
52,FPP,1,1,0,23,23,4,0,8696,8696,0,0,4.000000,4,0.000000,0
52,FPP,2,2,1,26,26,1,0,7693,7693,0,0,1.435201,5,0.000000,0
52,FPP,3,3,6,104,104,23,0,1924,1923,0,1,37.844514,46,0.000000,0
52,FPP,4,4,5,101,101,4,0,1981,1981,0,0,6.659263,18,0.000000,0
52,FPP,5,5,7,127,127,26,0,1575,1575,0,0,63.954921,90,0.000000,0
52,FPP,6,6,3,66,66,7,0,3031,3031,0,0,9.105246,13,0.000000,0
52,FPP,7,7,2,58,58,1,0,3449,3449,0,0,1.551754,6,0.000000,0
run_id,policy,task_index,task_id,priority,period,deadline,wcet,offset,jobs_released,jobs_completed,deadline_miss,unfinished,rt_avg,rt_max,late_avg,late_max
53,FPP,0,0,6,129,129,13,0,1551,1551,0,0,39.526112,79,0.000000,0
53,FPP,1,1,4,112,112,18,0,1786,1786,0,0,28.639978,43,0.000000,0
53,FPP,2,2,1,44,44,8,0,4546,4546,0,0,8.629784,10,0.000000,0
53,FPP,3,3,2,108,108,5,0,1852,1852,0,0,8.822894,15,0.000000,0
53,FPP,4,4,5,114,114,13,0,1755,1755,0,0,30.405698,66,0.000000,0
53,FPP,5,5,3,110,110,8,0,1819,1819,0,0,13.641561,23,0.000000,0
53,FPP,6,6,0,27,27,2,0,7408,7408,0,0,2.000000,2,0.000000,0
53,FPP,7,7,7,140,140,6,0,1429,1429,0,0,33.661302,87,0.000000,0
run_id,policy,task_index,task_id,priority,period,deadline,wcet,offset,jobs_released,jobs_completed,deadline_miss,unfinished,rt_avg,rt_max,late_avg,late_max
54,FPP,0,0,2,60,60,4,0,3334,3334,0,0,6.762448,13,0.000000,0
54,FPP,1,1,4,114,114,1,0,1755,1755,0,0,12.426211,36,0.000000,0
54,FPP,2,2,0,24,24,4,0,8334,8334,0,0,4.000000,4,0.000000,0
54,FPP,3,3,5,122,122,7,0,1640,1640,0,0,17.465854,43,0.000000,0
54,FPP,4,4,6,131,131,13,0,1527,1527,0,0,32.588081,69,0.000000,0
54,FPP,5,5,3,91,91,18,0,2198,2198,0,0,26.393540,35,0.000000,0
54,FPP,6,6,7,149,149,18,0,1343,1343,0,0,54.091586,91,0.000000,0
54,FPP,7,7,1,57,57,5,0,3509,3509,0,0,6.124822,9,0.000000,0
run_id,policy,task_index,task_id,priority,period,deadline,wcet,offset,jobs_released,jobs_completed,deadline_miss,unfinished,rt_avg,rt_max,late_avg,late_max
55,FPP,0,0,5,63,63,10,0,3175,3175,0,0,16.536063,25,0.000000,0
55,FPP,1,1,0,15,15,1,0,13334,13334,0,0,1.000000,1,0.000000,0
55,FPP,2,2,3,42,42,2,0,4762,4762,0,0,2.684586,6,0.000000,0
55,FPP,3,3,7,104,104,14,0,1924,1923,0,1,35.966719,56,0.000000,0
55,FPP,4,4,2,38,38,1,0,5264,5264,0,0,1.400076,4,0.000000,0
55,FPP,5,5,1,15,15,2,0,13334,13334,0,0,3.000000,3,0.000000,0
55,FPP,6,6,6,96,96,8,0,2084,2084,0,0,18.027351,36,0.000000,0
55,FPP,7,7,4,57,57,6,0,3509,3509,0,0,8.500427,12,0.000000,0
run_id,policy,task_index,task_id,priority,period,deadline,wcet,offset,jobs_released,jobs_completed,deadline_miss,unfinished,rt_avg,rt_max,late_avg,late_max
56,FPP,0,0,2,58,58,9,0,3449,3448,0,1,12.015371,18,0.000000,0
56,FPP,1,1,6,125,125,13,0,1600,1600,0,0,33.117500,56,0.000000,0
56,FPP,2,2,5,117,117,5,0,1710,1710,0,0,16.177193,34,0.000000,0
56,FPP,3,3,4,87,87,1,0,2299,2299,0,0,10.389300,29,0.000000,0
56,FPP,4,4,0,37,37,7,0,5406,5406,0,0,7.000000,7,0.000000,0
56,FPP,5,5,1,39,39,2,0,5129,5129,0,0,2.948528,9,0.000000,0
56,FPP,6,6,7,148,148,7,0,1352,1352,0,0,35.048077,92,0.000000,0
56,FPP,7,7,3,60,60,10,0,3334,3333,0,1,16.896190,28,0.000000,0
run_id,policy,task_index,task_id,priority,period,deadline,wcet,offset,jobs_released,jobs_completed,deadline_miss,unfinished,rt_avg,rt_max,late_avg,late_max
57,FPP,0,0,2,33,33,1,0,6061,6061,0,0,1.810262,6,0.000000,0
57,FPP,1,1,1,19,19,4,0,10527,10527,0,0,4.266743,5,0.000000,0
57,FPP,2,2,4,66,66,11,0,3031,3031,0,0,16.520290,19,0.000000,0
57,FPP,3,3,6,125,125,18,0,1600,1600,0,0,36.360000,50,0.000000,0
57,FPP,4,4,7,148,148,30,0,1352,1351,0,1,83.399704,112,0.000000,0
57,FPP,5,5,0,15,15,1,0,13334,13334,0,0,1.000000,1,0.000000,0
57,FPP,6,6,5,105,105,2,0,1905,1905,0,0,6.802625,25,0.000000,0
57,FPP,7,7,3,58,58,1,0,3449,3449,0,0,1.763410,7,0.000000,0
run_id,policy,task_index,task_id,priority,period,deadline,wcet,offset,jobs_released,jobs_completed,deadline_miss,unfinished,rt_avg,rt_max,late_avg,late_max
58,FPP,0,0,3,59,59,9,0,3390,3390,0,0,12.018289,19,0.000000,0
58,FPP,1,1,0,16,16,1,0,12500,12500,0,0,1.000000,1,0.000000,0
58,FPP,2,2,6,136,136,5,0,1471,1471,0,0,29.271924,90,0.000000,0
58,FPP,3,3,7,145,145,11,0,1380,1380,0,0,51.734783,109,0.000000,0
58,FPP,4,4,2,46,46,7,0,4348,4348,0,0,7.691122,9,0.000000,0
58,FPP,5,5,5,112,112,26,0,1786,1786,0,0,52.279955,74,0.000000,0
58,FPP,6,6,1,42,42,1,0,4762,4762,0,0,1.125157,2,0.000000,0
58,FPP,7,7,4,75,75,9,0,2667,2667,0,0,15.382827,28,0.000000,0
run_id,policy,task_index,task_id,priority,period,deadline,wcet,offset,jobs_released,jobs_completed,deadline_miss,unfinished,rt_avg,rt_max,late_avg,late_max
59,FPP,0,0,6,89,89,8,0,2248,2248,0,0,16.767349,38,0.000000,0
59,FPP,1,1,3,65,65,10,0,3077,3077,0,0,12.906402,16,0.000000,0
59,FPP,2,2,0,13,13,2,0,15385,15385,0,0,2.000000,2,0.000000,0
59,FPP,3,3,2,64,64,1,0,3125,3125,0,0,1.318400,4,0.000000,0
59,FPP,4,4,4,81,81,1,0,2470,2470,0,0,2.901619,17,0.000000,0
59,FPP,5,5,5,83,83,10,0,2410,2410,0,0,15.905394,29,0.000000,0
59,FPP,6,6,7,115,115,25,0,1740,1739,0,1,58.246694,107,0.000000,0
59,FPP,7,7,1,30,30,1,0,6667,6667,0,0,1.230838,3,0.000000,0
run_id,policy,task_index,task_id,priority,period,deadline,wcet,offset,jobs_released,jobs_completed,deadline_miss,unfinished,rt_avg,rt_max,late_avg,late_max
60,FPP,0,0,5,68,68,12,0,2942,2941,0,1,28.106766,42,0.000000,0
60,FPP,1,1,7,98,98,3,0,2041,2041,3,0,24.895149,112,0.015679,14
60,FPP,2,2,0,10,10,1,0,20000,20000,0,0,1.000000,1,0.000000,0
60,FPP,3,3,1,17,17,1,0,11765,11765,0,0,1.100042,2,0.000000,0
60,FPP,4,4,6,73,73,6,0,2740,2740,0,0,26.583212,60,0.000000,0
60,FPP,5,5,3,48,48,1,0,4167,4167,0,0,2.966403,13,0.000000,0
60,FPP,6,6,2,45,45,9,0,4445,4445,0,0,10.882790,12,0.000000,0
60,FPP,7,7,4,61,61,12,0,3279,3279,0,0,19.235743,27,0.000000,0
run_id,policy,task_index,task_id,priority,period,deadline,wcet,offset,jobs_released,jobs_completed,deadline_miss,unfinished,rt_avg,rt_max,late_avg,late_max
61,FPP,0,0,3,93,93,6,0,2151,2151,0,0,14.126918,32,0.000000,0
61,FPP,1,1,0,41,41,3,0,4879,4878,0,1,3.000000,3,0.000000,0
61,FPP,2,2,1,62,62,8,0,3226,3226,0,0,8.655611,11,0.000000,0
61,FPP,3,3,4,94,94,12,0,2128,2128,0,0,22.700658,47,0.000000,0
61,FPP,4,4,5,94,94,11,0,2128,2128,0,0,40.619361,58,0.000000,0
61,FPP,5,5,2,87,87,15,0,2299,2299,0,0,18.939104,26,0.000000,0
61,FPP,6,6,7,139,139,7,0,1439,1439,0,0,33.553857,79,0.000000,0
61,FPP,7,7,6,107,107,6,0,1870,1870,0,0,25.991979,72,0.000000,0
run_id,policy,task_index,task_id,priority,period,deadline,wcet,offset,jobs_released,jobs_completed,deadline_miss,unfinished,rt_avg,rt_max,late_avg,late_max
62,FPP,0,0,3,54,54,2,0,3704,3704,0,0,2.592063,6,0.000000,0
62,FPP,1,1,5,108,108,23,0,1852,1852,0,0,35.137689,47,0.000000,0
62,FPP,2,2,1,42,42,1,0,4762,4762,0,0,1.400252,3,0.000000,0
62,FPP,3,3,4,89,89,15,0,2248,2248,0,0,17.520907,21,0.000000,0
62,FPP,4,4,2,49,49,1,0,4082,4082,0,0,1.267271,4,0.000000,0
62,FPP,5,5,7,138,138,18,0,1450,1449,0,1,51.569358,84,0.000000,0
62,FPP,6,6,0,30,30,2,0,6667,6667,0,0,2.000000,2,0.000000,0
62,FPP,7,7,6,115,115,14,0,1740,1739,0,1,32.496262,66,0.000000,0
run_id,policy,task_index,task_id,priority,period,deadline,wcet,offset,jobs_released,jobs_completed,deadline_miss,unfinished,rt_avg,rt_max,late_avg,late_max
63,FPP,0,0,2,54,54,2,0,3704,3704,0,0,3.277538,12,0.000000,0
63,FPP,1,1,1,49,49,9,0,4082,4082,0,0,9.361098,10,0.000000,0
63,FPP,2,2,7,137,137,23,0,1460,1460,0,0,68.749315,114,0.000000,0
63,FPP,3,3,4,117,117,16,0,1710,1710,0,0,24.143860,35,0.000000,0
63,FPP,4,4,5,117,117,7,0,1710,1710,0,0,34.178947,42,0.000000,0
63,FPP,5,5,3,79,79,6,0,2532,2532,0,0,8.676145,18,0.000000,0
63,FPP,6,6,6,120,120,18,0,1667,1667,0,0,40.077385,72,0.000000,0
63,FPP,7,7,0,25,25,1,0,8000,8000,0,0,1.000000,1,0.000000,0
run_id,policy,task_index,task_id,priority,period,deadline,wcet,offset,jobs_released,jobs_completed,deadline_miss,unfinished,rt_avg,rt_max,late_avg,late_max
64,FPP,0,0,0,13,13,1,0,15385,15385,0,0,1.000000,1,0.000000,0
64,FPP,1,1,7,125,125,18,0,1600,1600,0,0,54.491875,113,0.000000,0
64,FPP,2,2,3,80,80,11,0,2500,2500,0,0,16.830800,23,0.000000,0
64,FPP,3,3,4,87,87,8,0,2299,2299,0,0,14.978686,32,0.000000,0
64,FPP,4,4,5,116,116,9,0,1725,1725,0,0,21.200000,43,0.000000,0
64,FPP,5,5,1,40,40,1,0,5000,5000,0,0,1.077000,2,0.000000,0
64,FPP,6,6,6,118,118,9,0,1695,1695,0,0,24.142183,62,0.000000,0
64,FPP,7,7,2,50,50,9,0,4000,4000,0,0,9.961750,11,0.000000,0
run_id,policy,task_index,task_id,priority,period,deadline,wcet,offset,jobs_released,jobs_completed,deadline_miss,unfinished,rt_avg,rt_max,late_avg,late_max
65,FPP,0,0,3,60,60,9,0,3334,3334,0,0,12.000300,18,0.000000,0
65,FPP,1,1,7,149,149,9,0,1343,1343,0,0,30.962025,101,0.000000,0
65,FPP,2,2,6,89,89,1,0,2248,2247,0,1,10.622608,43,0.000000,0
65,FPP,3,3,0,23,23,3,0,8696,8696,0,0,3.000000,3,0.000000,0
65,FPP,4,4,2,55,55,3,0,3637,3637,0,0,4.370910,9,0.000000,0
65,FPP,5,5,4,65,65,9,0,3077,3077,0,0,15.595060,30,0.000000,0
65,FPP,6,6,5,78,78,12,0,2565,2564,0,1,26.989080,42,0.000000,0
65,FPP,7,7,1,44,44,3,0,4546,4546,0,0,3.522437,6,0.000000,0
run_id,policy,task_index,task_id,priority,period,deadline,wcet,offset,jobs_released,jobs_completed,deadline_miss,unfinished,rt_avg,rt_max,late_avg,late_max
66,FPP,0,0,1,23,23,3,0,8696,8696,0,0,3.166743,4,0.000000,0
66,FPP,1,1,5,91,91,13,0,2198,2198,0,0,25.732939,42,0.000000,0
66,FPP,2,2,7,148,148,12,0,1352,1351,0,1,61.321244,136,0.000000,0
66,FPP,3,3,4,74,74,9,0,2703,2703,0,0,14.291898,23,0.000000,0
66,FPP,4,4,0,18,18,1,0,11112,11112,0,0,1.000000,1,0.000000,0
66,FPP,5,5,2,23,23,2,0,8696,8696,0,0,5.277829,6,0.000000,0
66,FPP,6,6,3,70,70,7,0,2858,2858,0,0,9.614766,13,0.000000,0
66,FPP,7,7,6,105,105,14,0,1905,1905,0,0,39.213648,62,0.000000,0
run_id,policy,task_index,task_id,priority,period,deadline,wcet,offset,jobs_released,jobs_completed,deadline_miss,unfinished,rt_avg,rt_max,late_avg,late_max
67,FPP,0,0,6,138,138,14,0,1450,1450,0,0,34.912414,63,0.000000,0
67,FPP,1,1,3,37,37,3,0,5406,5406,0,0,3.785054,6,0.000000,0
67,FPP,2,2,7,140,140,18,0,1429,1429,0,0,56.309307,96,0.000000,0
67,FPP,3,3,2,17,17,1,0,11765,11765,0,0,1.181895,3,0.000000,0
67,FPP,4,4,4,84,84,5,0,2381,2381,0,0,7.746325,11,0.000000,0
67,FPP,5,5,0,11,11,1,0,18182,18182,0,0,1.000000,1,0.000000,0
67,FPP,6,6,1,14,14,1,0,14286,14286,0,0,1.090928,2,0.000000,0
67,FPP,7,7,5,106,106,23,0,1887,1887,0,0,35.838368,46,0.000000,0
run_id,policy,task_index,task_id,priority,period,deadline,wcet,offset,jobs_released,jobs_completed,deadline_miss,unfinished,rt_avg,rt_max,late_avg,late_max
68,FPP,0,0,2,50,50,13,0,4000,4000,0,0,14.471000,15,0.000000,0
68,FPP,1,1,4,106,106,1,0,1887,1887,0,0,4.420774,24,0.000000,0
68,FPP,2,2,3,96,96,7,0,2084,2084,0,0,11.892994,23,0.000000,0
68,FPP,3,3,7,128,128,23,0,1563,1563,0,0,57.778631,87,0.000000,0
68,FPP,4,4,0,17,17,1,0,11765,11765,0,0,1.000000,1,0.000000,0
68,FPP,5,5,5,119,119,9,0,1681,1681,0,0,17.618084,34,0.000000,0
68,FPP,6,6,1,30,30,1,0,6667,6667,0,0,1.058947,2,0.000000,0
68,FPP,7,7,6,119,119,12,0,1681,1681,0,0,36.661511,47,0.000000,0
run_id,policy,task_index,task_id,priority,period,deadline,wcet,offset,jobs_released,jobs_completed,deadline_miss,unfinished,rt_avg,rt_max,late_avg,late_max
69,FPP,0,0,2,39,39,7,0,5129,5128,0,1,7.750585,10,0.000000,0
69,FPP,1,1,7,136,136,2,0,1471,1471,0,0,17.044188,66,0.000000,0
69,FPP,2,2,0,22,22,1,0,9091,9091,0,0,1.000000,1,0.000000,0
69,FPP,3,3,3,39,39,3,0,5129,5128,0,1,11.059477,13,0.000000,0
69,FPP,4,4,1,38,38,2,0,5264,5264,0,0,2.090995,3,0.000000,0
69,FPP,5,5,4,42,42,7,0,4762,4762,0,0,11.581268,20,0.000000,0
69,FPP,6,6,6,115,115,7,0,1740,1740,0,0,28.069540,64,0.000000,0
69,FPP,7,7,5,92,92,16,0,2174,2174,0,0,30.741490,37,0.000000,0
run_id,policy,task_index,task_id,priority,period,deadline,wcet,offset,jobs_released,jobs_completed,deadline_miss,unfinished,rt_avg,rt_max,late_avg,late_max
70,FPP,0,0,2,71,71,15,0,2817,2817,0,0,18.392261,23,0.000000,0
70,FPP,1,1,3,71,71,5,0,2817,2817,0,0,24.492013,30,0.000000,0
70,FPP,2,2,7,149,149,18,0,1343,1343,0,0,55.751303,131,0.000000,0
70,FPP,3,3,1,57,57,6,0,3509,3509,0,0,6.520376,8,0.000000,0
70,FPP,4,4,5,110,110,7,0,1819,1819,0,0,20.224299,48,0.000000,0
70,FPP,5,5,0,25,25,2,0,8000,8000,0,0,2.000000,2,0.000000,0
70,FPP,6,6,6,136,136,7,0,1471,1471,0,0,23.341264,57,0.000000,0
70,FPP,7,7,4,104,104,11,0,1924,1923,0,1,22.255850,41,0.000000,0
run_id,policy,task_index,task_id,priority,period,deadline,wcet,offset,jobs_released,jobs_completed,deadline_miss,unfinished,rt_avg,rt_max,late_avg,late_max
71,FPP,0,0,5,114,114,2,0,1755,1755,0,0,5.198860,22,0.000000,0
71,FPP,1,1,1,44,44,1,0,4546,4546,0,0,1.076991,2,0.000000,0
71,FPP,2,2,7,125,125,22,0,1600,1600,0,0,66.453750,99,0.000000,0
71,FPP,3,3,2,50,50,14,0,4000,4000,0,0,14.906000,16,0.000000,0
71,FPP,4,4,4,104,104,3,0,1924,1924,0,0,7.283264,20,0.000000,0
71,FPP,5,5,6,120,120,35,0,1667,1667,0,0,60.522496,75,0.000000,0
71,FPP,6,6,0,26,26,1,0,7693,7693,0,0,1.000000,1,0.000000,0
71,FPP,7,7,3,53,53,1,0,3774,3774,0,0,3.453100,17,0.000000,0
run_id,policy,task_index,task_id,priority,period,deadline,wcet,offset,jobs_released,jobs_completed,deadline_miss,unfinished,rt_avg,rt_max,late_avg,late_max
72,FPP,0,0,2,53,53,2,0,3774,3774,0,0,2.563593,5,0.000000,0
72,FPP,1,1,6,86,86,7,0,2326,2326,0,0,25.078676,64,0.000000,0
72,FPP,2,2,1,51,51,1,0,3922,3922,0,0,1.300612,3,0.000000,0
72,FPP,3,3,7,123,123,5,0,1627,1626,0,1,26.613776,79,0.000000,0
72,FPP,4,4,5,85,85,17,0,2353,2353,0,0,33.492988,44,0.000000,0
72,FPP,5,5,0,10,10,2,0,20000,20000,0,0,2.000000,2,0.000000,0
72,FPP,6,6,3,55,55,6,0,3637,3637,0,0,8.523508,13,0.000000,0
72,FPP,7,7,4,67,67,8,0,2986,2985,0,1,12.660637,23,0.000000,0
run_id,policy,task_index,task_id,priority,period,deadline,wcet,offset,jobs_released,jobs_completed,deadline_miss,unfinished,rt_avg,rt_max,late_avg,late_max
73,FPP,0,0,4,99,99,12,0,2021,2021,0,0,17.153389,32,0.000000,0
73,FPP,1,1,6,116,116,14,0,1725,1724,0,1,33.914733,67,0.000000,0
73,FPP,2,2,1,78,78,11,0,2565,2564,0,1,12.131825,15,0.000000,0
73,FPP,3,3,2,93,93,3,0,2151,2151,0,0,4.643422,18,0.000000,0
73,FPP,4,4,0,46,46,4,0,4348,4348,0,0,4.000000,4,0.000000,0
73,FPP,5,5,5,108,108,17,0,1852,1852,0,0,29.190605,53,0.000000,0
73,FPP,6,6,3,95,95,2,0,2106,2106,0,0,3.724122,20,0.000000,0
73,FPP,7,7,7,149,149,20,0,1343,1342,1,1,60.383010,154,0.003726,5
run_id,policy,task_index,task_id,priority,period,deadline,wcet,offset,jobs_released,jobs_completed,deadline_miss,unfinished,rt_avg,rt_max,late_avg,late_max
74,FPP,0,0,6,109,109,11,0,1835,1835,0,0,26.623433,58,0.000000,0
74,FPP,1,1,1,39,39,8,0,5129,5129,0,0,8.228700,9,0.000000,0
74,FPP,2,2,7,119,119,23,0,1681,1681,0,0,59.906008,94,0.000000,0
74,FPP,3,3,3,74,74,2,0,2703,2703,0,0,3.342582,12,0.000000,0
74,FPP,4,4,2,59,59,1,0,3390,3390,0,0,2.010029,10,0.000000,0
74,FPP,5,5,0,35,35,1,0,5715,5715,0,0,1.000000,1,0.000000,0
74,FPP,6,6,4,91,91,1,0,2198,2198,0,0,4.128298,13,0.000000,0
74,FPP,7,7,5,105,105,25,0,1905,1905,0,0,34.898688,39,0.000000,0
run_id,policy,task_index,task_id,priority,period,deadline,wcet,offset,jobs_released,jobs_completed,deadline_miss,unfinished,rt_avg,rt_max,late_avg,late_max
75,FPP,0,0,7,144,144,14,0,1389,1389,0,0,63.409647,128,0.000000,0
75,FPP,1,1,1,26,26,3,0,7693,7693,0,0,3.250097,4,0.000000,0
75,FPP,2,2,6,142,142,29,0,1409,1408,0,1,63.556108,86,0.000000,0
75,FPP,3,3,3,52,52,8,0,3847,3846,0,1,12.249610,14,0.000000,0
75,FPP,4,4,0,16,16,1,0,12500,12500,0,0,1.000000,1,0.000000,0
75,FPP,5,5,5,89,89,13,0,2248,2247,0,1,22.063195,35,0.000000,0
75,FPP,6,6,4,79,79,3,0,2532,2532,0,0,5.786730,18,0.000000,0
75,FPP,7,7,2,48,48,2,0,4167,4167,0,0,3.538517,6,0.000000,0
run_id,policy,task_index,task_id,priority,period,deadline,wcet,offset,jobs_released,jobs_completed,deadline_miss,unfinished,rt_avg,rt_max,late_avg,late_max
76,FPP,0,0,6,89,89,13,0,2248,2248,0,0,29.051157,58,0.000000,0
76,FPP,1,1,2,50,50,5,0,4000,4000,0,0,7.269500,13,0.000000,0
76,FPP,2,2,4,84,84,5,0,2381,2381,0,0,11.427551,30,0.000000,0
76,FPP,3,3,0,13,13,1,0,15385,15385,0,0,1.000000,1,0.000000,0
76,FPP,4,4,7,102,102,5,0,1961,1961,0,0,20.963284,63,0.000000,0
76,FPP,5,5,1,40,40,7,0,5000,5000,0,0,7.538000,8,0.000000,0
76,FPP,6,6,5,84,84,1,0,2381,2381,0,0,12.763965,31,0.000000,0
76,FPP,7,7,3,77,77,10,0,2598,2598,0,0,15.473056,24,0.000000,0
run_id,policy,task_index,task_id,priority,period,deadline,wcet,offset,jobs_released,jobs_completed,deadline_miss,unfinished,rt_avg,rt_max,late_avg,late_max
77,FPP,0,0,2,44,44,2,0,4546,4546,0,0,3.628905,13,0.000000,0
77,FPP,1,1,3,58,58,11,0,3449,3449,0,0,16.611772,24,0.000000,0
77,FPP,2,2,5,112,112,1,0,1786,1786,0,0,5.644457,26,0.000000,0
77,FPP,3,3,4,81,81,1,0,2470,2470,0,0,5.275304,25,0.000000,0
77,FPP,4,4,7,121,121,18,0,1653,1653,0,0,48.631579,81,0.000000,0
77,FPP,5,5,6,115,115,10,0,1740,1739,0,1,22.141461,39,0.000000,0
77,FPP,6,6,1,41,41,8,0,4879,4878,0,1,8.871464,11,0.000000,0
77,FPP,7,7,0,31,31,3,0,6452,6452,0,0,3.000000,3,0.000000,0
run_id,policy,task_index,task_id,priority,period,deadline,wcet,offset,jobs_released,jobs_completed,deadline_miss,unfinished,rt_avg,rt_max,late_avg,late_max
78,FPP,0,0,2,59,59,4,0,3390,3390,0,0,5.143068,8,0.000000,0
78,FPP,1,1,1,22,22,2,0,9091,9091,0,0,2.333517,4,0.000000,0
78,FPP,2,2,4,97,97,13,0,2062,2062,0,0,21.528128,34,0.000000,0
78,FPP,3,3,5,98,98,10,0,2041,2041,0,0,22.312102,44,0.000000,0
78,FPP,4,4,3,68,68,7,0,2942,2942,0,0,9.843984,15,0.000000,0
78,FPP,5,5,6,98,98,9,0,2041,2041,0,0,40.004900,57,0.000000,0
78,FPP,6,6,0,15,15,2,0,13334,13334,0,0,2.000000,2,0.000000,0
78,FPP,7,7,7,126,126,7,0,1588,1588,0,0,30.344458,81,0.000000,0
run_id,policy,task_index,task_id,priority,period,deadline,wcet,offset,jobs_released,jobs_completed,deadline_miss,unfinished,rt_avg,rt_max,late_avg,late_max
79,FPP,0,0,3,72,72,8,0,2778,2778,0,0,11.478762,20,0.000000,0
79,FPP,1,1,1,25,25,3,0,8000,8000,0,0,3.142875,4,0.000000,0
79,FPP,2,2,4,86,86,7,0,2326,2326,0,0,12.516337,31,0.000000,0
79,FPP,3,3,5,125,125,15,0,1600,1600,0,0,30.791875,47,0.000000,0
79,FPP,4,4,6,136,136,15,0,1471,1471,0,0,44.544528,66,0.000000,0
79,FPP,5,5,0,21,21,1,0,9524,9524,0,0,1.000000,1,0.000000,0
79,FPP,6,6,2,68,68,8,0,2942,2942,0,0,9.565942,12,0.000000,0
79,FPP,7,7,7,141,141,18,0,1419,1419,0,0,60.492600,115,0.000000,0
run_id,policy,task_index,task_id,priority,period,deadline,wcet,offset,jobs_released,jobs_completed,deadline_miss,unfinished,rt_avg,rt_max,late_avg,late_max
80,FPP,0,0,4,60,60,6,0,3334,3334,0,0,10.741152,20,0.000000,0
80,FPP,1,1,0,17,17,1,0,11765,11765,0,0,1.000000,1,0.000000,0
80,FPP,2,2,1,22,22,3,0,9091,9091,0,0,3.176548,4,0.000000,0
80,FPP,3,3,5,84,84,10,0,2381,2381,0,0,21.007560,33,0.000000,0
80,FPP,4,4,7,130,130,1,0,1539,1539,0,0,14.476933,77,0.000000,0
80,FPP,5,5,6,127,127,15,0,1575,1575,0,0,39.913651,72,0.000000,0
80,FPP,6,6,2,36,36,4,0,5556,5556,0,0,4.984161,8,0.000000,0
80,FPP,7,7,3,47,47,5,0,4256,4256,0,0,7.314850,13,0.000000,0
run_id,policy,task_index,task_id,priority,period,deadline,wcet,offset,jobs_released,jobs_completed,deadline_miss,unfinished,rt_avg,rt_max,late_avg,late_max
81,FPP,0,0,4,79,79,13,0,2532,2532,0,0,23.310427,38,0.000000,0
81,FPP,1,1,3,59,59,8,0,3390,3390,0,0,11.925664,21,0.000000,0
81,FPP,2,2,5,92,92,12,0,2174,2174,0,0,30.184913,50,0.000000,0
81,FPP,3,3,2,54,54,9,0,3704,3704,0,0,10.572894,13,0.000000,0
81,FPP,4,4,6,94,94,6,0,2128,2128,0,0,26.616541,77,0.000000,0
81,FPP,5,5,0,28,28,2,0,7143,7143,0,0,2.000000,2,0.000000,0
81,FPP,6,6,1,30,30,2,0,6667,6667,0,0,2.143093,4,0.000000,0
81,FPP,7,7,7,134,134,3,0,1493,1493,1,0,24.395177,136,0.001340,2
run_id,policy,task_index,task_id,priority,period,deadline,wcet,offset,jobs_released,jobs_completed,deadline_miss,unfinished,rt_avg,rt_max,late_avg,late_max
82,FPP,0,0,0,36,36,5,0,5556,5556,0,0,5.000000,5,0.000000,0
82,FPP,1,1,5,116,116,28,0,1725,1724,0,1,45.661253,60,0.000000,0
82,FPP,2,2,7,135,135,19,0,1482,1482,1,0,58.556680,158,0.015520,23
82,FPP,3,3,6,132,132,6,0,1516,1515,0,1,29.963696,68,0.000000,0
82,FPP,4,4,1,63,63,2,0,3175,3175,0,0,3.250394,7,0.000000,0
82,FPP,5,5,4,106,106,1,0,1887,1887,0,0,4.093800,27,0.000000,0
82,FPP,6,6,3,94,94,4,0,2128,2128,0,0,7.679511,26,0.000000,0
82,FPP,7,7,2,88,88,15,0,2273,2273,0,0,18.001760,22,0.000000,0
run_id,policy,task_index,task_id,priority,period,deadline,wcet,offset,jobs_released,jobs_completed,deadline_miss,unfinished,rt_avg,rt_max,late_avg,late_max
83,FPP,0,0,1,27,27,1,0,7408,7408,0,0,1.062500,2,0.000000,0
83,FPP,1,1,0,16,16,1,0,12500,12500,0,0,1.000000,1,0.000000,0
83,FPP,2,2,7,102,102,12,0,1961,1961,1,0,46.667007,117,0.007649,15
83,FPP,3,3,5,68,68,10,0,2942,2941,0,1,17.205712,30,0.000000,0
83,FPP,4,4,6,94,94,18,0,2128,2128,0,0,38.046053,54,0.000000,0
83,FPP,5,5,3,62,62,11,0,3226,3226,0,0,13.786423,18,0.000000,0
83,FPP,6,6,4,62,62,1,0,3226,3226,0,0,15.006510,19,0.000000,0
83,FPP,7,7,2,39,39,4,0,5129,5129,0,0,4.486255,6,0.000000,0
run_id,policy,task_index,task_id,priority,period,deadline,wcet,offset,jobs_released,jobs_completed,deadline_miss,unfinished,rt_avg,rt_max,late_avg,late_max
84,FPP,0,0,2,61,61,7,0,3279,3279,0,0,8.817017,13,0.000000,0
84,FPP,1,1,6,110,110,15,0,1819,1818,0,1,25.788779,45,0.000000,0
84,FPP,2,2,4,97,97,1,0,2062,2062,0,0,2.425800,17,0.000000,0
84,FPP,3,3,5,104,104,7,0,1924,1923,0,1,11.203848,24,0.000000,0
84,FPP,4,4,0,15,15,1,0,13334,13334,0,0,1.000000,1,0.000000,0
84,FPP,5,5,7,115,115,22,0,1740,1739,0,1,48.804485,82,0.000000,0
84,FPP,6,6,3,82,82,2,0,2440,2439,0,1,3.644936,15,0.000000,0
84,FPP,7,7,1,38,38,5,0,5264,5264,0,0,5.333397,6,0.000000,0
run_id,policy,task_index,task_id,priority,period,deadline,wcet,offset,jobs_released,jobs_completed,deadline_miss,unfinished,rt_avg,rt_max,late_avg,late_max
85,FPP,0,0,5,115,115,16,0,1740,1739,0,1,28.353652,42,0.000000,0
85,FPP,1,1,0,18,18,2,0,11112,11112,0,0,2.000000,2,0.000000,0
85,FPP,2,2,7,139,139,6,0,1439,1439,0,0,29.272411,77,0.000000,0
85,FPP,3,3,2,42,42,5,0,4762,4762,0,0,5.820244,8,0.000000,0
85,FPP,4,4,6,117,117,18,0,1710,1709,0,1,42.769456,68,0.000000,0
85,FPP,5,5,1,37,37,1,0,5406,5406,0,0,1.167037,3,0.000000,0
85,FPP,6,6,3,45,45,1,0,4445,4445,0,0,2.573228,9,0.000000,0
85,FPP,7,7,4,77,77,12,0,2598,2598,0,0,16.644342,23,0.000000,0
run_id,policy,task_index,task_id,priority,period,deadline,wcet,offset,jobs_released,jobs_completed,deadline_miss,unfinished,rt_avg,rt_max,late_avg,late_max
86,FPP,0,0,1,33,33,2,0,6061,6061,0,0,2.142881,3,0.000000,0
86,FPP,1,1,2,58,58,1,0,3449,3449,0,0,1.147869,4,0.000000,0
86,FPP,2,2,5,103,103,9,0,1942,1942,0,0,17.406797,42,0.000000,0
86,FPP,3,3,3,87,87,8,0,2299,2299,0,0,9.551544,12,0.000000,0
86,FPP,4,4,7,120,120,28,0,1667,1667,0,0,63.812837,84,0.000000,0
86,FPP,5,5,4,91,91,18,0,2198,2198,0,0,23.193813,31,0.000000,0
86,FPP,6,6,0,21,21,1,0,9524,9524,0,0,1.000000,1,0.000000,0
86,FPP,7,7,6,109,109,9,0,1835,1835,0,0,20.740599,52,0.000000,0
run_id,policy,task_index,task_id,priority,period,deadline,wcet,offset,jobs_released,jobs_completed,deadline_miss,unfinished,rt_avg,rt_max,late_avg,late_max
87,FPP,0,0,2,60,60,6,0,3334,3334,0,0,8.098080,16,0.000000,0
87,FPP,1,1,0,23,23,2,0,8696,8696,0,0,2.000000,2,0.000000,0
87,FPP,2,2,5,98,98,13,0,2041,2041,0,0,27.642332,46,0.000000,0
87,FPP,3,3,1,59,59,8,0,3390,3390,0,0,8.739528,10,0.000000,0
87,FPP,4,4,7,131,131,10,0,1527,1527,0,0,36.201048,98,0.000000,0
87,FPP,5,5,6,125,125,7,0,1600,1600,0,0,23.856250,55,0.000000,0
87,FPP,6,6,4,80,80,6,0,2500,2500,0,0,13.450800,33,0.000000,0
87,FPP,7,7,3,69,69,9,0,2899,2899,0,0,15.002070,27,0.000000,0
run_id,policy,task_index,task_id,priority,period,deadline,wcet,offset,jobs_released,jobs_completed,deadline_miss,unfinished,rt_avg,rt_max,late_avg,late_max
88,FPP,0,0,3,93,93,9,0,2151,2151,0,0,12.887029,26,0.000000,0
88,FPP,1,1,2,69,69,8,0,2899,2899,0,0,9.729907,17,0.000000,0
88,FPP,2,2,1,65,65,2,0,3077,3077,0,0,2.625609,9,0.000000,0
88,FPP,3,3,6,123,123,14,0,1627,1626,0,1,39.503075,86,0.000000,0
88,FPP,4,4,0,56,56,7,0,3572,3572,0,0,7.000000,7,0.000000,0
88,FPP,5,5,4,103,103,14,0,1942,1942,0,0,22.735324,40,0.000000,0
88,FPP,6,6,7,136,136,9,0,1471,1471,1,0,40.505099,164,0.019035,28
88,FPP,7,7,5,120,120,15,0,1667,1667,0,0,30.901020,55,0.000000,0
run_id,policy,task_index,task_id,priority,period,deadline,wcet,offset,jobs_released,jobs_completed,deadline_miss,unfinished,rt_avg,rt_max,late_avg,late_max
89,FPP,0,0,2,32,32,3,0,6250,6250,0,0,3.533440,5,0.000000,0
89,FPP,1,1,4,71,71,11,0,2817,2817,0,0,16.744764,24,0.000000,0
89,FPP,2,2,0,12,12,1,0,16667,16667,0,0,1.000000,1,0.000000,0
89,FPP,3,3,1,20,20,1,0,10000,10000,0,0,1.333400,2,0.000000,0
89,FPP,4,4,3,51,51,6,0,3922,3922,0,0,7.707037,11,0.000000,0
89,FPP,5,5,7,145,145,15,0,1380,1380,0,0,39.307971,70,0.000000,0
89,FPP,6,6,5,103,103,5,0,1942,1942,0,0,11.498455,30,0.000000,0
89,FPP,7,7,6,104,104,8,0,1924,1923,0,1,19.197608,43,0.000000,0
run_id,policy,task_index,task_id,priority,period,deadline,wcet,offset,jobs_released,jobs_completed,deadline_miss,unfinished,rt_avg,rt_max,late_avg,late_max
90,FPP,0,0,4,56,56,3,0,3572,3572,0,0,7.086786,12,0.000000,0
90,FPP,1,1,0,10,10,1,0,20000,20000,0,0,1.000000,1,0.000000,0
90,FPP,2,2,5,79,79,4,0,2532,2532,0,0,8.086493,16,0.000000,0
90,FPP,3,3,3,28,28,1,0,7143,7143,0,0,2.921742,8,0.000000,0
90,FPP,4,4,2,21,21,3,0,9524,9524,0,0,4.164637,7,0.000000,0
90,FPP,5,5,6,132,132,28,0,1516,1515,0,1,62.807921,76,0.000000,0
90,FPP,6,6,1,17,17,3,0,11765,11765,0,0,3.300042,4,0.000000,0
90,FPP,7,7,7,138,138,4,0,1450,1450,0,0,28.157241,93,0.000000,0
run_id,policy,task_index,task_id,priority,period,deadline,wcet,offset,jobs_released,jobs_completed,deadline_miss,unfinished,rt_avg,rt_max,late_avg,late_max
91,FPP,0,0,1,27,27,4,0,7408,7408,0,0,4.285772,5,0.000000,0
91,FPP,1,1,4,95,95,16,0,2106,2106,0,0,27.475783,44,0.000000,0
91,FPP,2,2,5,108,108,1,0,1852,1852,0,0,12.406048,45,0.000000,0
91,FPP,3,3,6,141,141,6,0,1419,1419,0,0,18.217759,51,0.000000,0
91,FPP,4,4,0,21,21,1,0,9524,9524,0,0,1.000000,1,0.000000,0
91,FPP,5,5,7,147,147,19,0,1361,1361,0,0,51.883909,78,0.000000,0
91,FPP,6,6,2,31,31,3,0,6452,6452,0,0,3.894296,8,0.000000,0
91,FPP,7,7,3,88,88,11,0,2273,2273,0,0,15.289485,19,0.000000,0
run_id,policy,task_index,task_id,priority,period,deadline,wcet,offset,jobs_released,jobs_completed,deadline_miss,unfinished,rt_avg,rt_max,late_avg,late_max
92,FPP,0,0,4,75,75,5,0,2667,2667,0,0,11.152606,31,0.000000,0
92,FPP,1,1,5,105,105,1,0,1905,1905,0,0,6.939108,32,0.000000,0
92,FPP,2,2,6,135,135,19,0,1482,1482,0,0,43.030364,65,0.000000,0
92,FPP,3,3,0,24,24,2,0,8334,8334,0,0,2.000000,2,0.000000,0
92,FPP,4,4,1,44,44,5,0,4546,4546,0,0,5.666960,7,0.000000,0
92,FPP,5,5,3,72,72,10,0,2778,2778,0,0,17.408567,24,0.000000,0
92,FPP,6,6,7,146,146,12,0,1370,1370,0,0,42.000730,109,0.000000,0
92,FPP,7,7,2,48,48,7,0,4167,4167,0,0,10.452844,14,0.000000,0
run_id,policy,task_index,task_id,priority,period,deadline,wcet,offset,jobs_released,jobs_completed,deadline_miss,unfinished,rt_avg,rt_max,late_avg,late_max
93,FPP,0,0,5,125,125,6,0,1600,1600,0,0,22.900000,63,0.000000,0
93,FPP,1,1,6,145,145,9,0,1380,1380,0,0,31.842029,85,0.000000,0
93,FPP,2,2,7,147,147,10,0,1361,1361,0,0,42.567230,116,0.000000,0
93,FPP,3,3,0,59,59,1,0,3390,3390,0,0,1.000000,1,0.000000,0
93,FPP,4,4,3,94,94,8,0,2128,2128,0,0,14.618421,35,0.000000,0
93,FPP,5,5,4,118,118,21,0,1695,1695,0,0,38.596460,56,0.000000,0
93,FPP,6,6,1,68,68,13,0,2942,2941,0,1,13.220333,14,0.000000,0
93,FPP,7,7,2,85,85,13,0,2353,2353,0,0,16.529537,27,0.000000,0
run_id,policy,task_index,task_id,priority,period,deadline,wcet,offset,jobs_released,jobs_completed,deadline_miss,unfinished,rt_avg,rt_max,late_avg,late_max
94,FPP,0,0,3,72,72,1,0,2778,2778,0,0,5.250180,13,0.000000,0
94,FPP,1,1,1,24,24,3,0,8334,8334,0,0,3.157907,4,0.000000,0
94,FPP,2,2,2,62,62,8,0,3226,3226,0,0,9.673590,12,0.000000,0
94,FPP,3,3,7,142,142,11,0,1409,1409,0,0,38.402413,117,0.000000,0
94,FPP,4,4,4,75,75,10,0,2667,2667,0,0,14.952381,24,0.000000,0
94,FPP,5,5,0,19,19,1,0,10527,10527,0,0,1.000000,1,0.000000,0
94,FPP,6,6,5,83,83,11,0,2410,2410,0,0,20.718257,38,0.000000,0
94,FPP,7,7,6,100,100,12,0,2000,2000,0,0,30.291500,54,0.000000,0
run_id,policy,task_index,task_id,priority,period,deadline,wcet,offset,jobs_released,jobs_completed,deadline_miss,unfinished,rt_avg,rt_max,late_avg,late_max
95,FPP,0,0,1,70,70,5,0,2858,2857,0,1,6.436122,12,0.000000,0
95,FPP,1,1,0,39,39,7,0,5129,5129,0,0,7.000000,7,0.000000,0
95,FPP,2,2,4,97,97,12,0,2062,2062,0,0,24.354510,50,0.000000,0
95,FPP,3,3,3,88,88,10,0,2273,2273,0,0,16.836340,31,0.000000,0
95,FPP,4,4,5,119,119,6,0,1681,1681,0,0,19.255205,56,0.000000,0
95,FPP,5,5,6,128,128,2,0,1563,1563,0,0,13.408829,58,0.000000,0
95,FPP,6,6,2,72,72,9,0,2778,2778,0,0,12.204824,21,0.000000,0
95,FPP,7,7,7,148,148,18,0,1352,1352,0,0,53.598373,134,0.000000,0
run_id,policy,task_index,task_id,priority,period,deadline,wcet,offset,jobs_released,jobs_completed,deadline_miss,unfinished,rt_avg,rt_max,late_avg,late_max
96,FPP,0,0,7,142,142,25,0,1409,1409,0,0,61.320795,89,0.000000,0
96,FPP,1,1,0,38,38,1,0,5264,5264,0,0,1.000000,1,0.000000,0
96,FPP,2,2,6,134,134,5,0,1493,1493,0,0,16.118553,58,0.000000,0
96,FPP,3,3,1,39,39,4,0,5129,5129,0,0,4.105089,5,0.000000,0
96,FPP,4,4,2,40,40,1,0,5000,5000,0,0,1.326000,6,0.000000,0
96,FPP,5,5,3,45,45,8,0,4445,4445,0,0,9.547807,14,0.000000,0
96,FPP,6,6,5,114,114,5,0,1755,1755,0,0,15.006838,45,0.000000,0
96,FPP,7,7,4,101,101,20,0,1981,1980,0,1,29.205556,34,0.000000,0
run_id,policy,task_index,task_id,priority,period,deadline,wcet,offset,jobs_released,jobs_completed,deadline_miss,unfinished,rt_avg,rt_max,late_avg,late_max
97,FPP,0,0,3,78,78,12,0,2565,2564,0,1,18.109204,25,0.000000,0
97,FPP,1,1,0,20,20,3,0,10000,10000,0,0,3.000000,3,0.000000,0
97,FPP,2,2,2,47,47,2,0,4256,4256,0,0,3.365132,10,0.000000,0
97,FPP,3,3,4,86,86,4,0,2326,2326,0,0,9.785039,29,0.000000,0
97,FPP,4,4,6,102,102,12,0,1961,1961,0,0,29.287608,54,0.000000,0
97,FPP,5,5,1,31,31,5,0,6452,6452,0,0,5.900186,8,0.000000,0
97,FPP,6,6,5,93,93,3,0,2151,2151,0,0,14.326825,37,0.000000,0
97,FPP,7,7,7,149,149,15,0,1343,1343,0,0,48.883842,77,0.000000,0
run_id,policy,task_index,task_id,priority,period,deadline,wcet,offset,jobs_released,jobs_completed,deadline_miss,unfinished,rt_avg,rt_max,late_avg,late_max
98,FPP,0,0,4,75,75,1,0,2667,2667,0,0,5.205474,29,0.000000,0
98,FPP,1,1,7,121,121,24,0,1653,1653,0,0,57.447066,108,0.000000,0
98,FPP,2,2,6,87,87,9,0,2299,2299,0,0,19.297521,42,0.000000,0
98,FPP,3,3,0,35,35,2,0,5715,5715,0,0,2.000000,2,0.000000,0
98,FPP,4,4,2,64,64,13,0,3125,3125,0,0,15.385920,20,0.000000,0
98,FPP,5,5,3,73,73,8,0,2740,2740,0,0,13.495620,28,0.000000,0
98,FPP,6,6,1,54,54,5,0,3704,3704,0,0,5.314255,7,0.000000,0
98,FPP,7,7,5,85,85,2,0,2353,2353,0,0,6.933702,31,0.000000,0
run_id,policy,task_index,task_id,priority,period,deadline,wcet,offset,jobs_released,jobs_completed,deadline_miss,unfinished,rt_avg,rt_max,late_avg,late_max
99,FPP,0,0,0,34,34,1,0,5883,5883,0,0,1.000000,1,0.000000,0
99,FPP,1,1,7,136,136,19,0,1471,1471,2,0,60.189667,153,0.012916,17
99,FPP,2,2,2,79,79,12,0,2532,2532,0,0,12.598341,14,0.000000,0
99,FPP,3,3,3,91,91,20,0,2198,2198,0,0,25.280710,34,0.000000,0
99,FPP,4,4,1,51,51,1,0,3922,3922,0,0,1.500000,2,0.000000,0
99,FPP,5,5,4,108,108,16,0,1852,1852,0,0,29.080454,51,0.000000,0
99,FPP,6,6,6,124,124,8,0,1613,1613,0,0,26.976441,67,0.000000,0
99,FPP,7,7,5,115,115,7,0,1740,1740,0,0,21.659195,59,0.000000,0
run_id,policy,task_index,task_id,priority,period,deadline,wcet,offset,jobs_released,jobs_completed,deadline_miss,unfinished,rt_avg,rt_max,late_avg,late_max
100,FPP,0,0,5,127,127,3,0,1575,1575,0,0,7.373333,29,0.000000,0
100,FPP,1,1,4,84,84,10,0,2381,2381,0,0,18.525409,26,0.000000,0
100,FPP,2,2,6,131,131,14,0,1527,1527,0,0,26.400786,45,0.000000,0
100,FPP,3,3,7,132,132,30,0,1516,1515,0,1,68.430363,103,0.000000,0
100,FPP,4,4,3,56,56,9,0,3572,3572,0,0,11.029955,13,0.000000,0
100,FPP,5,5,2,46,46,1,0,4348,4348,0,0,2.238500,4,0.000000,0
100,FPP,6,6,0,21,21,2,0,9524,9524,0,0,2.000000,2,0.000000,0
100,FPP,7,7,1,23,23,1,0,8696,8696,0,0,1.143054,3,0.000000,0
run_id,policy,task_index,task_id,priority,period,deadline,wcet,offset,jobs_released,jobs_completed,deadline_miss,unfinished,rt_avg,rt_max,late_avg,late_max
101,FPP,0,0,2,53,53,5,0,3774,3774,0,0,5.450450,7,0.000000,0
101,FPP,1,1,5,96,96,12,0,2084,2084,0,0,18.099808,30,0.000000,0
101,FPP,2,2,7,124,124,21,0,1613,1613,0,0,60.963422,88,0.000000,0
101,FPP,3,3,4,94,94,3,0,2128,2128,0,0,4.921992,18,0.000000,0
101,FPP,4,4,6,109,109,20,0,1835,1835,0,0,36.228338,53,0.000000,0
101,FPP,5,5,0,15,15,1,0,13334,13334,0,0,1.000000,1,0.000000,0
101,FPP,6,6,3,62,62,7,0,3226,3226,0,0,8.638252,14,0.000000,0
101,FPP,7,7,1,49,49,1,0,4082,4082,0,0,1.066879,2,0.000000,0
run_id,policy,task_index,task_id,priority,period,deadline,wcet,offset,jobs_released,jobs_completed,deadline_miss,unfinished,rt_avg,rt_max,late_avg,late_max
102,FPP,0,0,1,28,28,3,0,7143,7143,0,0,3.230715,4,0.000000,0
102,FPP,1,1,5,91,91,15,0,2198,2198,0,0,27.710191,41,0.000000,0
102,FPP,2,2,6,99,99,9,0,2021,2021,0,0,24.521029,54,0.000000,0
102,FPP,3,3,3,69,69,8,0,2899,2899,0,0,10.583305,16,0.000000,0
102,FPP,4,4,2,42,42,3,0,4762,4762,0,0,4.846073,7,0.000000,0
102,FPP,5,5,7,133,133,18,0,1504,1504,0,0,56.539894,126,0.000000,0
102,FPP,6,6,4,76,76,5,0,2632,2632,0,0,8.712386,21,0.000000,0
102,FPP,7,7,0,13,13,1,0,15385,15385,0,0,1.000000,1,0.000000,0
run_id,policy,task_index,task_id,priority,period,deadline,wcet,offset,jobs_released,jobs_completed,deadline_miss,unfinished,rt_avg,rt_max,late_avg,late_max
103,FPP,0,0,4,89,89,5,0,2248,2248,0,0,9.764680,28,0.000000,0
103,FPP,1,1,2,65,65,8,0,3077,3077,0,0,8.760806,11,0.000000,0
103,FPP,2,2,3,69,69,12,0,2899,2899,0,0,15.389445,23,0.000000,0
103,FPP,3,3,6,140,140,33,0,1429,1429,0,0,72.559132,105,0.000000,0
103,FPP,4,4,5,110,110,12,0,1819,1819,0,0,22.295217,42,0.000000,0
103,FPP,5,5,0,29,29,2,0,6897,6897,0,0,2.000000,2,0.000000,0
103,FPP,6,6,1,53,53,1,0,3774,3774,0,0,1.103869,3,0.000000,0
103,FPP,7,7,7,146,146,3,0,1370,1370,0,0,32.584672,109,0.000000,0
run_id,policy,task_index,task_id,priority,period,deadline,wcet,offset,jobs_released,jobs_completed,deadline_miss,unfinished,rt_avg,rt_max,late_avg,late_max
104,FPP,0,0,6,86,86,4,0,2326,2326,0,0,11.936801,34,0.000000,0
104,FPP,1,1,2,39,39,2,0,5129,5129,0,0,3.650614,8,0.000000,0
104,FPP,2,2,4,68,68,3,0,2942,2942,0,0,6.961591,19,0.000000,0
104,FPP,3,3,1,20,20,3,0,10000,10000,0,0,4.000200,6,0.000000,0
104,FPP,4,4,5,77,77,5,0,2598,2598,0,0,11.950346,30,0.000000,0
104,FPP,5,5,7,116,116,7,0,1725,1724,0,1,23.426334,52,0.000000,0
104,FPP,6,6,3,59,59,5,0,3390,3390,0,0,8.779056,16,0.000000,0
104,FPP,7,7,0,12,12,3,0,16667,16667,0,0,3.000000,3,0.000000,0
run_id,policy,task_index,task_id,priority,period,deadline,wcet,offset,jobs_released,jobs_completed,deadline_miss,unfinished,rt_avg,rt_max,late_avg,late_max
105,FPP,0,0,1,78,78,11,0,2565,2564,0,1,13.214899,20,0.000000,0
105,FPP,1,1,3,111,111,5,0,1802,1802,0,0,10.374584,34,0.000000,0
105,FPP,2,2,2,88,88,9,0,2273,2273,0,0,13.712275,29,0.000000,0
105,FPP,3,3,6,140,140,19,0,1429,1429,0,0,50.388383,107,0.000000,0
105,FPP,4,4,5,139,139,20,0,1439,1439,0,0,37.600417,59,0.000000,0
105,FPP,5,5,0,61,61,9,0,3279,3279,0,0,9.000000,9,0.000000,0
105,FPP,6,6,4,129,129,5,0,1551,1551,0,0,11.471309,39,0.000000,0
105,FPP,7,7,7,147,147,10,0,1361,1361,0,0,48.224835,122,0.000000,0
run_id,policy,task_index,task_id,priority,period,deadline,wcet,offset,jobs_released,jobs_completed,deadline_miss,unfinished,rt_avg,rt_max,late_avg,late_max
106,FPP,0,0,2,63,63,2,0,3175,3175,0,0,5.323150,20,0.000000,0
106,FPP,1,1,3,113,113,11,0,1770,1770,0,0,17.976271,31,0.000000,0
106,FPP,2,2,5,128,128,1,0,1563,1563,0,0,7.929623,43,0.000000,0
106,FPP,3,3,0,57,57,6,0,3509,3509,0,0,6.000000,6,0.000000,0
106,FPP,4,4,7,141,141,22,0,1419,1419,0,0,61.651163,99,0.000000,0
106,FPP,5,5,6,128,128,14,0,1563,1563,0,0,32.166987,57,0.000000,0
106,FPP,6,6,1,57,57,12,0,3509,3509,0,0,18.000000,18,0.000000,0
106,FPP,7,7,4,125,125,11,0,1600,1600,0,0,21.258125,42,0.000000,0
run_id,policy,task_index,task_id,priority,period,deadline,wcet,offset,jobs_released,jobs_completed,deadline_miss,unfinished,rt_avg,rt_max,late_avg,late_max
107,FPP,0,0,6,127,127,14,0,1575,1575,0,0,47.905397,93,0.000000,0
107,FPP,1,1,1,22,22,1,0,9091,9091,0,0,1.400286,4,0.000000,0
107,FPP,2,2,3,96,96,21,0,2084,2083,0,1,35.925588,48,0.000000,0
107,FPP,3,3,0,20,20,3,0,10000,10000,0,0,3.000000,3,0.000000,0
107,FPP,4,4,4,104,104,7,0,1924,1923,0,1,23.228809,55,0.000000,0
107,FPP,5,5,5,120,120,1,0,1667,1667,0,0,20.070186,56,0.000000,0
107,FPP,6,6,7,148,148,2,0,1352,1352,0,0,27.758876,95,0.000000,0
107,FPP,7,7,2,69,69,15,0,2899,2899,0,0,18.300103,19,0.000000,0
run_id,policy,task_index,task_id,priority,period,deadline,wcet,offset,jobs_released,jobs_completed,deadline_miss,unfinished,rt_avg,rt_max,late_avg,late_max
108,FPP,0,0,3,101,101,7,0,1981,1981,0,0,12.390207,34,0.000000,0
108,FPP,1,1,4,108,108,3,0,1852,1852,0,0,7.700864,37,0.000000,0
108,FPP,2,2,0,71,71,7,0,2817,2817,0,0,7.000000,7,0.000000,0
108,FPP,3,3,7,145,145,17,0,1380,1380,0,0,55.387681,125,0.000000,0
108,FPP,4,4,2,85,85,9,0,2353,2353,0,0,12.675733,27,0.000000,0
108,FPP,5,5,5,139,139,16,0,1439,1439,0,0,29.697707,53,0.000000,0
108,FPP,6,6,1,75,75,11,0,2667,2667,0,0,12.381702,18,0.000000,0
108,FPP,7,7,6,142,142,18,0,1409,1409,0,0,46.564230,71,0.000000,0
run_id,policy,task_index,task_id,priority,period,deadline,wcet,offset,jobs_released,jobs_completed,deadline_miss,unfinished,rt_avg,rt_max,late_avg,late_max
109,FPP,0,0,0,22,22,3,0,9091,9091,0,0,3.000000,3,0.000000,0
109,FPP,1,1,1,26,26,1,0,7693,7693,0,0,1.363837,4,0.000000,0
109,FPP,2,2,2,87,87,9,0,2299,2299,0,0,10.819487,13,0.000000,0
109,FPP,3,3,3,105,105,17,0,1905,1905,0,0,23.489239,34,0.000000,0
109,FPP,4,4,7,138,138,6,0,1450,1450,0,0,41.837931,104,0.000000,0
109,FPP,5,5,4,109,109,16,0,1835,1835,0,0,29.669210,54,0.000000,0
109,FPP,6,6,5,122,122,10,0,1640,1640,0,0,27.828659,64,0.000000,0
109,FPP,7,7,6,125,125,18,0,1600,1600,0,0,52.970625,86,0.000000,0
run_id,policy,task_index,task_id,priority,period,deadline,wcet,offset,jobs_released,jobs_completed,deadline_miss,unfinished,rt_avg,rt_max,late_avg,late_max
110,FPP,0,0,0,23,23,1,0,8696,8696,0,0,1.000000,1,0.000000,0
110,FPP,1,1,5,70,70,11,0,2858,2857,0,1,20.953798,35,0.000000,0
110,FPP,2,2,7,140,140,15,0,1429,1429,0,0,61.184745,103,0.000000,0
110,FPP,3,3,1,46,46,6,0,4348,4348,0,0,7.000000,7,0.000000,0
110,FPP,4,4,4,58,58,6,0,3449,3449,0,0,10.259206,23,0.000000,0
110,FPP,5,5,2,47,47,1,0,4256,4256,0,0,1.633694,8,0.000000,0
110,FPP,6,6,3,53,53,9,0,3774,3774,0,0,11.304981,17,0.000000,0
110,FPP,7,7,6,113,113,10,0,1770,1770,0,0,26.540678,45,0.000000,0
run_id,policy,task_index,task_id,priority,period,deadline,wcet,offset,jobs_released,jobs_completed,deadline_miss,unfinished,rt_avg,rt_max,late_avg,late_max
111,FPP,0,0,0,21,21,4,0,9524,9524,0,0,4.000000,4,0.000000,0
111,FPP,1,1,4,43,43,4,0,4652,4651,0,1,9.244679,19,0.000000,0
111,FPP,2,2,3,40,40,4,0,5000,5000,0,0,7.569000,15,0.000000,0
111,FPP,3,3,6,90,90,1,0,2223,2223,0,0,9.898785,34,0.000000,0
111,FPP,4,4,5,60,60,4,0,3334,3334,0,0,13.049190,33,0.000000,0
111,FPP,5,5,2,34,34,1,0,5883,5883,0,0,2.875744,11,0.000000,0
111,FPP,6,6,7,134,134,1,0,1493,1493,0,0,6.975218,36,0.000000,0
111,FPP,7,7,1,26,26,6,0,7693,7693,0,0,7.428311,10,0.000000,0
run_id,policy,task_index,task_id,priority,period,deadline,wcet,offset,jobs_released,jobs_completed,deadline_miss,unfinished,rt_avg,rt_max,late_avg,late_max
112,FPP,0,0,7,148,148,32,0,1352,1351,0,1,75.227239,121,0.000000,0
112,FPP,1,1,5,111,111,3,0,1802,1802,0,0,8.355161,38,0.000000,0
112,FPP,2,2,6,125,125,13,0,1600,1600,0,0,26.092500,51,0.000000,0
112,FPP,3,3,2,79,79,4,0,2532,2532,0,0,6.706951,21,0.000000,0
112,FPP,4,4,4,101,101,7,0,1981,1981,0,0,13.106512,35,0.000000,0
112,FPP,5,5,0,62,62,2,0,3226,3226,0,0,2.000000,2,0.000000,0
112,FPP,6,6,1,69,69,15,0,2899,2899,0,0,15.499828,17,0.000000,0
112,FPP,7,7,3,90,90,7,0,2223,2223,0,0,11.528115,28,0.000000,0
run_id,policy,task_index,task_id,priority,period,deadline,wcet,offset,jobs_released,jobs_completed,deadline_miss,unfinished,rt_avg,rt_max,late_avg,late_max
113,FPP,0,0,1,31,31,3,0,6452,6452,0,0,3.666770,7,0.000000,0
113,FPP,1,1,4,84,84,5,0,2381,2381,0,0,8.174717,17,0.000000,0
113,FPP,2,2,0,27,27,4,0,7408,7408,0,0,4.000000,4,0.000000,0
113,FPP,3,3,3,54,54,3,0,3704,3704,0,0,8.425486,12,0.000000,0
113,FPP,4,4,6,118,118,7,0,1695,1695,0,0,33.030088,79,0.000000,0
113,FPP,5,5,7,128,128,3,0,1563,1563,0,0,27.745361,91,0.000000,0
113,FPP,6,6,2,33,33,2,0,6061,6061,0,0,2.989276,9,0.000000,0
113,FPP,7,7,5,115,115,34,0,1740,1739,0,1,58.443358,72,0.000000,0
run_id,policy,task_index,task_id,priority,period,deadline,wcet,offset,jobs_released,jobs_completed,deadline_miss,unfinished,rt_avg,rt_max,late_avg,late_max
114,FPP,0,0,5,66,66,1,0,3031,3031,0,0,8.038931,30,0.000000,0
114,FPP,1,1,4,55,55,7,0,3637,3637,0,0,15.535056,29,0.000000,0
114,FPP,2,2,6,103,103,16,0,1942,1942,0,0,45.060247,79,0.000000,0
114,FPP,3,3,2,45,45,7,0,4445,4445,0,0,8.750056,9,0.000000,0
114,FPP,4,4,0,10,10,1,0,20000,20000,0,0,1.000000,1,0.000000,0
114,FPP,5,5,3,49,49,9,0,4082,4082,0,0,13.666830,20,0.000000,0
114,FPP,6,6,7,111,111,6,0,1802,1802,0,0,38.170921,87,0.000000,0
114,FPP,7,7,1,12,12,1,0,16667,16667,0,0,1.200036,2,0.000000,0
run_id,policy,task_index,task_id,priority,period,deadline,wcet,offset,jobs_released,jobs_completed,deadline_miss,unfinished,rt_avg,rt_max,late_avg,late_max
115,FPP,0,0,6,118,118,3,0,1695,1695,0,0,12.151032,46,0.000000,0
115,FPP,1,1,5,110,110,6,0,1819,1819,0,0,15.832875,43,0.000000,0
115,FPP,2,2,0,26,26,2,0,7693,7693,0,0,2.000000,2,0.000000,0
115,FPP,3,3,1,48,48,8,0,4167,4167,0,0,8.615311,10,0.000000,0
115,FPP,4,4,4,90,90,5,0,2223,2223,0,0,12.000450,37,0.000000,0
115,FPP,5,5,7,121,121,19,0,1653,1653,0,0,49.087719,75,0.000000,0
115,FPP,6,6,2,80,80,6,0,2500,2500,0,0,9.335200,16,0.000000,0
115,FPP,7,7,3,83,83,14,0,2410,2410,0,0,20.656432,32,0.000000,0
run_id,policy,task_index,task_id,priority,period,deadline,wcet,offset,jobs_released,jobs_completed,deadline_miss,unfinished,rt_avg,rt_max,late_avg,late_max
116,FPP,0,0,1,44,44,1,0,4546,4546,0,0,3.000880,7,0.000000,0
116,FPP,1,1,0,33,33,6,0,6061,6061,0,0,6.000000,6,0.000000,0
116,FPP,2,2,7,138,138,1,0,1450,1450,0,0,22.968276,82,0.000000,0
116,FPP,3,3,4,100,100,16,0,2000,2000,0,0,23.874500,30,0.000000,0
116,FPP,4,4,5,111,111,11,0,1802,1802,0,0,23.664817,50,0.000000,0
116,FPP,5,5,6,124,124,20,0,1613,1613,0,0,50.196528,81,0.000000,0
116,FPP,6,6,2,46,46,2,0,4348,4348,0,0,2.909614,9,0.000000,0
116,FPP,7,7,3,51,51,5,0,3922,3922,0,0,6.939572,14,0.000000,0
run_id,policy,task_index,task_id,priority,period,deadline,wcet,offset,jobs_released,jobs_completed,deadline_miss,unfinished,rt_avg,rt_max,late_avg,late_max
117,FPP,0,0,5,117,117,14,0,1710,1710,0,0,23.867251,42,0.000000,0
117,FPP,1,1,1,55,55,5,0,3637,3637,0,0,5.285950,7,0.000000,0
117,FPP,2,2,0,35,35,2,0,5715,5715,0,0,2.000000,2,0.000000,0
117,FPP,3,3,7,134,134,17,0,1493,1492,0,1,51.274129,101,0.000000,0
117,FPP,4,4,3,89,89,10,0,2248,2248,0,0,14.093416,24,0.000000,0
117,FPP,5,5,4,105,105,2,0,1905,1905,0,0,7.228346,26,0.000000,0
117,FPP,6,6,6,128,128,18,0,1563,1563,0,0,38.362764,74,0.000000,0
117,FPP,7,7,2,56,56,7,0,3572,3572,0,0,8.287234,14,0.000000,0
run_id,policy,task_index,task_id,priority,period,deadline,wcet,offset,jobs_released,jobs_completed,deadline_miss,unfinished,rt_avg,rt_max,late_avg,late_max
118,FPP,0,0,3,30,30,4,0,6667,6667,0,0,6.057747,12,0.000000,0
118,FPP,1,1,4,51,51,2,0,3922,3922,0,0,4.312596,14,0.000000,0
118,FPP,2,2,5,69,69,7,0,2899,2899,0,0,13.398758,21,0.000000,0
118,FPP,3,3,0,22,22,1,0,9091,9091,0,0,1.000000,1,0.000000,0
118,FPP,4,4,1,26,26,4,0,7693,7693,0,0,4.181854,5,0.000000,0
118,FPP,5,5,2,27,27,3,0,7408,7408,0,0,3.897813,8,0.000000,0
118,FPP,6,6,7,91,91,14,0,2198,2198,0,0,42.540036,77,0.000000,0
118,FPP,7,7,6,90,90,8,0,2223,2223,0,0,22.797121,41,0.000000,0
run_id,policy,task_index,task_id,priority,period,deadline,wcet,offset,jobs_released,jobs_completed,deadline_miss,unfinished,rt_avg,rt_max,late_avg,late_max
119,FPP,0,0,4,111,111,7,0,1802,1802,0,0,12.518313,31,0.000000,0
119,FPP,1,1,6,136,136,18,0,1471,1471,0,0,36.380693,61,0.000000,0
119,FPP,2,2,1,45,45,1,0,4445,4445,0,0,1.076940,2,0.000000,0
119,FPP,3,3,7,141,141,22,0,1419,1419,0,0,60.401691,107,0.000000,0
119,FPP,4,4,3,76,76,13,0,2632,2632,0,0,16.244301,24,0.000000,0
119,FPP,5,5,0,39,39,1,0,5129,5129,0,0,1.000000,1,0.000000,0
119,FPP,6,6,5,118,118,10,0,1695,1695,0,0,18.719764,42,0.000000,0
119,FPP,7,7,2,65,65,9,0,3077,3077,0,0,9.555736,11,0.000000,0
run_id,policy,task_index,task_id,priority,period,deadline,wcet,offset,jobs_released,jobs_completed,deadline_miss,unfinished,rt_avg,rt_max,late_avg,late_max
120,FPP,0,0,3,76,76,1,0,2632,2632,0,0,5.032675,17,0.000000,0
120,FPP,1,1,7,139,139,10,0,1439,1439,0,0,43.805420,101,0.000000,0
120,FPP,2,2,5,87,87,7,0,2299,2299,0,0,11.976946,27,0.000000,0
120,FPP,3,3,1,34,34,1,0,5883,5883,0,0,1.157913,3,0.000000,0
120,FPP,4,4,4,83,83,1,0,2410,2410,0,0,3.157261,18,0.000000,0
120,FPP,5,5,6,105,105,32,0,1905,1905,0,0,55.011549,64,0.000000,0
120,FPP,6,6,0,19,19,2,0,10527,10527,0,0,2.000000,2,0.000000,0
120,FPP,7,7,2,65,65,13,0,3077,3077,0,0,14.891453,16,0.000000,0
run_id,policy,task_index,task_id,priority,period,deadline,wcet,offset,jobs_released,jobs_completed,deadline_miss,unfinished,rt_avg,rt_max,late_avg,late_max
121,FPP,0,0,5,105,105,6,0,1905,1905,0,0,14.131759,28,0.000000,0
121,FPP,1,1,7,142,142,19,0,1409,1408,0,1,63.879261,103,0.000000,0
121,FPP,2,2,2,40,40,7,0,5000,5000,0,0,10.298200,17,0.000000,0
121,FPP,3,3,4,76,76,4,0,2632,2632,0,0,8.558891,22,0.000000,0
121,FPP,4,4,3,64,64,1,0,3125,3125,0,0,4.414400,18,0.000000,0
121,FPP,5,5,0,15,15,1,0,13334,13334,0,0,1.000000,1,0.000000,0
121,FPP,6,6,1,37,37,8,0,5406,5406,0,0,8.533296,9,0.000000,0
121,FPP,7,7,6,140,140,16,0,1429,1429,0,0,40.507348,62,0.000000,0
run_id,policy,task_index,task_id,priority,period,deadline,wcet,offset,jobs_released,jobs_completed,deadline_miss,unfinished,rt_avg,rt_max,late_avg,late_max
122,FPP,0,0,3,54,54,3,0,3704,3704,0,0,6.197354,11,0.000000,0
122,FPP,1,1,6,137,137,16,0,1460,1460,0,0,35.353425,48,0.000000,0
122,FPP,2,2,7,140,140,14,0,1429,1429,0,0,45.500350,94,0.000000,0
122,FPP,3,3,1,25,25,3,0,8000,8000,0,0,3.389000,5,0.000000,0
122,FPP,4,4,5,69,69,10,0,2899,2899,0,0,17.134184,30,0.000000,0
122,FPP,5,5,2,52,52,3,0,3847,3847,0,0,4.048349,8,0.000000,0
122,FPP,6,6,0,18,18,2,0,11112,11112,0,0,2.000000,2,0.000000,0
122,FPP,7,7,4,56,56,4,0,3572,3572,0,0,6.248320,15,0.000000,0
run_id,policy,task_index,task_id,priority,period,deadline,wcet,offset,jobs_released,jobs_completed,deadline_miss,unfinished,rt_avg,rt_max,late_avg,late_max
123,FPP,0,0,3,54,54,1,0,3704,3704,0,0,2.522678,12,0.000000,0
123,FPP,1,1,1,46,46,8,0,4348,4348,0,0,8.799908,10,0.000000,0
123,FPP,2,2,5,134,134,14,0,1493,1493,0,0,24.657066,35,0.000000,0
123,FPP,3,3,4,54,54,7,0,3704,3704,0,0,11.587203,19,0.000000,0
123,FPP,4,4,7,150,150,17,0,1334,1334,0,0,50.476762,89,0.000000,0
123,FPP,5,5,6,136,136,14,0,1471,1471,0,0,31.953773,70,0.000000,0
123,FPP,6,6,2,46,46,1,0,4348,4348,0,0,10.000000,11,0.000000,0
123,FPP,7,7,0,20,20,2,0,10000,10000,0,0,2.000000,2,0.000000,0
run_id,policy,task_index,task_id,priority,period,deadline,wcet,offset,jobs_released,jobs_completed,deadline_miss,unfinished,rt_avg,rt_max,late_avg,late_max
124,FPP,0,0,5,134,134,15,0,1493,1493,0,0,33.486269,70,0.000000,0
124,FPP,1,1,2,77,77,11,0,2598,2598,0,0,13.001540,19,0.000000,0
124,FPP,2,2,6,142,142,17,0,1409,1408,0,1,48.473722,105,0.000000,0
124,FPP,3,3,4,128,128,22,0,1563,1563,0,0,33.577735,47,0.000000,0
124,FPP,4,4,1,58,58,7,0,3449,3449,0,0,7.149319,8,0.000000,0
124,FPP,5,5,3,94,94,6,0,2128,2128,0,0,10.519737,25,0.000000,0
124,FPP,6,6,7,143,143,6,0,1399,1399,0,0,35.799857,111,0.000000,0
124,FPP,7,7,0,47,47,1,0,4256,4256,0,0,1.000000,1,0.000000,0
run_id,policy,task_index,task_id,priority,period,deadline,wcet,offset,jobs_released,jobs_completed,deadline_miss,unfinished,rt_avg,rt_max,late_avg,late_max
125,FPP,0,0,7,133,133,19,0,1504,1504,0,0,54.927527,115,0.000000,0
125,FPP,1,1,6,129,129,22,0,1551,1550,0,1,43.005806,68,0.000000,0
125,FPP,2,2,2,75,75,7,0,2667,2667,0,0,7.477315,10,0.000000,0
125,FPP,3,3,4,98,98,15,0,2041,2041,0,0,18.855953,28,0.000000,0
125,FPP,4,4,5,117,117,16,0,1710,1710,0,0,25.229825,44,0.000000,0
125,FPP,5,5,1,69,69,1,0,2899,2899,0,0,1.068299,3,0.000000,0
125,FPP,6,6,0,44,44,2,0,4546,4546,0,0,2.000000,2,0.000000,0
125,FPP,7,7,3,77,77,3,0,2598,2598,0,0,4.180908,13,0.000000,0
run_id,policy,task_index,task_id,priority,period,deadline,wcet,offset,jobs_released,jobs_completed,deadline_miss,unfinished,rt_avg,rt_max,late_avg,late_max
126,FPP,0,0,1,15,15,2,0,13334,13334,0,0,2.500075,4,0.000000,0
126,FPP,1,1,7,139,139,1,0,1439,1439,0,0,9.735928,48,0.000000,0
126,FPP,2,2,5,100,100,11,0,2000,2000,0,0,29.562500,36,0.000000,0
126,FPP,3,3,4,41,41,1,0,4879,4879,0,0,3.142242,11,0.000000,0
126,FPP,4,4,2,25,25,2,0,8000,8000,0,0,3.249875,6,0.000000,0
126,FPP,5,5,6,122,122,6,0,1640,1640,0,0,19.117683,45,0.000000,0
126,FPP,6,6,0,12,12,2,0,16667,16667,0,0,2.000000,2,0.000000,0
126,FPP,7,7,3,25,25,4,0,8000,8000,0,0,8.583125,10,0.000000,0
run_id,policy,task_index,task_id,priority,period,deadline,wcet,offset,jobs_released,jobs_completed,deadline_miss,unfinished,rt_avg,rt_max,late_avg,late_max
127,FPP,0,0,2,114,114,7,0,1755,1755,0,0,9.149858,21,0.000000,0
127,FPP,1,1,7,146,146,25,0,1370,1370,0,0,68.316788,113,0.000000,0
127,FPP,2,2,3,127,127,25,0,1575,1575,0,0,33.116190,46,0.000000,0
127,FPP,3,3,0,71,71,10,0,2817,2817,0,0,10.000000,10,0.000000,0
127,FPP,4,4,4,128,128,8,0,1563,1563,0,0,18.307102,54,0.000000,0
127,FPP,5,5,1,98,98,4,0,2041,2041,0,0,5.198432,14,0.000000,0
127,FPP,6,6,5,140,140,3,0,1429,1429,0,0,12.708887,57,0.000000,0
127,FPP,7,7,6,143,143,17,0,1399,1399,0,0,37.939242,84,0.000000,0
run_id,policy,task_index,task_id,priority,period,deadline,wcet,offset,jobs_released,jobs_completed,deadline_miss,unfinished,rt_avg,rt_max,late_avg,late_max
128,FPP,0,0,7,149,149,23,0,1343,1342,0,1,60.356930,97,0.000000,0
128,FPP,1,1,1,63,63,6,0,3175,3175,0,0,6.811024,10,0.000000,0
128,FPP,2,2,0,37,37,4,0,5406,5406,0,0,4.000000,4,0.000000,0
128,FPP,3,3,5,105,105,6,0,1905,1905,0,0,15.012073,44,0.000000,0
128,FPP,4,4,2,71,71,1,0,2817,2817,0,0,1.718495,11,0.000000,0
128,FPP,5,5,4,102,102,16,0,1961,1961,0,0,23.163182,34,0.000000,0
128,FPP,6,6,3,74,74,7,0,2703,2703,0,0,12.480947,18,0.000000,0
128,FPP,7,7,6,116,116,12,0,1725,1725,0,0,26.703188,56,0.000000,0
run_id,policy,task_index,task_id,priority,period,deadline,wcet,offset,jobs_released,jobs_completed,deadline_miss,unfinished,rt_avg,rt_max,late_avg,late_max
129,FPP,0,0,2,63,63,7,0,3175,3175,0,0,10.648819,20,0.000000,0
129,FPP,1,1,4,98,98,15,0,2041,2041,0,0,30.302303,46,0.000000,0
129,FPP,2,2,1,51,51,11,0,3922,3922,0,0,11.785824,12,0.000000,0
129,FPP,3,3,0,14,14,1,0,14286,14286,0,0,1.000000,1,0.000000,0
129,FPP,4,4,5,107,107,3,0,1870,1870,0,0,14.648663,49,0.000000,0
129,FPP,5,5,6,115,115,8,0,1740,1740,0,0,27.946552,77,0.000000,0
129,FPP,6,6,7,139,139,15,0,1439,1439,3,0,56.263377,150,0.013204,11
129,FPP,7,7,3,91,91,9,0,2198,2198,0,0,16.256597,30,0.000000,0
run_id,policy,task_index,task_id,priority,period,deadline,wcet,offset,jobs_released,jobs_completed,deadline_miss,unfinished,rt_avg,rt_max,late_avg,late_max
130,FPP,0,0,4,53,53,3,0,3774,3774,0,0,5.000530,11,0.000000,0
130,FPP,1,1,5,57,57,8,0,3509,3509,0,0,13.906811,22,0.000000,0
130,FPP,2,2,2,23,23,3,0,8696,8696,0,0,3.658119,6,0.000000,0
130,FPP,3,3,0,16,16,1,0,12500,12500,0,0,1.000000,1,0.000000,0
130,FPP,4,4,6,121,121,17,0,1653,1653,0,0,38.936479,51,0.000000,0
130,FPP,5,5,3,27,27,2,0,7408,7408,0,0,3.059125,8,0.000000,0
130,FPP,6,6,7,144,144,4,0,1389,1389,0,0,20.962563,76,0.000000,0
130,FPP,7,7,1,17,17,2,0,11765,11765,0,0,2.125032,3,0.000000,0
run_id,policy,task_index,task_id,priority,period,deadline,wcet,offset,jobs_released,jobs_completed,deadline_miss,unfinished,rt_avg,rt_max,late_avg,late_max
131,FPP,0,0,7,135,135,14,0,1482,1482,0,0,45.518219,71,0.000000,0
131,FPP,1,1,6,103,103,5,0,1942,1942,0,0,15.549434,36,0.000000,0
131,FPP,2,2,0,24,24,3,0,8334,8334,0,0,3.000000,3,0.000000,0
131,FPP,3,3,5,71,71,6,0,2817,2817,0,0,14.418885,31,0.000000,0
131,FPP,4,4,1,27,27,1,0,7408,7408,0,0,1.375000,4,0.000000,0
131,FPP,5,5,3,40,40,5,0,5000,5000,0,0,7.961200,15,0.000000,0
131,FPP,6,6,4,49,49,6,0,4082,4082,0,0,11.228564,21,0.000000,0
131,FPP,7,7,2,38,38,6,0,5264,5263,0,1,7.148584,10,0.000000,0
run_id,policy,task_index,task_id,priority,period,deadline,wcet,offset,jobs_released,jobs_completed,deadline_miss,unfinished,rt_avg,rt_max,late_avg,late_max
132,FPP,0,0,3,55,55,5,0,3637,3637,0,0,6.216112,10,0.000000,0
132,FPP,1,1,6,73,73,7,0,2740,2740,0,0,15.666423,37,0.000000,0
132,FPP,2,2,0,21,21,1,0,9524,9524,0,0,1.000000,1,0.000000,0
132,FPP,3,3,5,70,70,3,0,2858,2858,0,0,7.711686,27,0.000000,0
132,FPP,4,4,4,65,65,12,0,3077,3077,0,0,16.703282,23,0.000000,0
132,FPP,5,5,2,29,29,3,0,6897,6897,0,0,3.285776,5,0.000000,0
132,FPP,6,6,1,24,24,1,0,8334,8334,0,0,1.142909,2,0.000000,0
132,FPP,7,7,7,95,95,17,0,2106,2105,0,1,41.179097,65,0.000000,0
run_id,policy,task_index,task_id,priority,period,deadline,wcet,offset,jobs_released,jobs_completed,deadline_miss,unfinished,rt_avg,rt_max,late_avg,late_max
133,FPP,0,0,0,14,14,2,0,14286,14286,0,0,2.000000,2,0.000000,0
133,FPP,1,1,1,57,57,9,0,3509,3509,0,0,10.356227,11,0.000000,0
133,FPP,2,2,5,79,79,14,0,2532,2532,0,0,27.905213,45,0.000000,0
133,FPP,3,3,6,87,87,5,0,2299,2299,0,0,19.666377,50,0.000000,0
133,FPP,4,4,2,66,66,8,0,3031,3031,0,0,11.878588,21,0.000000,0
133,FPP,5,5,4,78,78,5,0,2565,2565,0,0,10.334503,27,0.000000,0
133,FPP,6,6,3,73,73,1,0,2740,2740,0,0,3.562044,22,0.000000,0
133,FPP,7,7,7,150,150,3,0,1334,1334,0,0,17.801349,53,0.000000,0
run_id,policy,task_index,task_id,priority,period,deadline,wcet,offset,jobs_released,jobs_completed,deadline_miss,unfinished,rt_avg,rt_max,late_avg,late_max
134,FPP,0,0,1,42,42,1,0,4762,4762,0,0,1.043679,2,0.000000,0
134,FPP,1,1,6,100,100,16,0,2000,2000,0,0,34.841500,56,0.000000,0
134,FPP,2,2,0,23,23,1,0,8696,8696,0,0,1.000000,1,0.000000,0
134,FPP,3,3,2,58,58,5,0,3449,3449,0,0,5.366773,7,0.000000,0
134,FPP,4,4,4,80,80,12,0,2500,2500,0,0,17.232800,29,0.000000,0
134,FPP,5,5,3,68,68,9,0,2942,2942,0,0,10.746771,16,0.000000,0
134,FPP,6,6,5,91,91,9,0,2198,2198,0,0,17.404914,38,0.000000,0
134,FPP,7,7,7,118,118,15,0,1695,1695,1,0,48.212389,132,0.008260,14
run_id,policy,task_index,task_id,priority,period,deadline,wcet,offset,jobs_released,jobs_completed,deadline_miss,unfinished,rt_avg,rt_max,late_avg,late_max
135,FPP,0,0,0,30,30,4,0,6667,6667,0,0,4.000000,4,0.000000,0
135,FPP,1,1,5,132,132,25,0,1516,1515,0,1,48.593399,68,0.000000,0
135,FPP,2,2,1,36,36,5,0,5556,5556,0,0,5.800576,9,0.000000,0
135,FPP,3,3,4,130,130,7,0,1539,1539,0,0,13.346979,30,0.000000,0
135,FPP,4,4,6,140,140,7,0,1429,1429,0,0,27.839048,80,0.000000,0
135,FPP,5,5,3,90,90,13,0,2223,2222,0,1,19.777228,23,0.000000,0
135,FPP,6,6,2,81,81,1,0,2470,2470,0,0,2.751012,10,0.000000,0
135,FPP,7,7,7,148,148,13,0,1352,1352,0,0,49.791420,116,0.000000,0
run_id,policy,task_index,task_id,priority,period,deadline,wcet,offset,jobs_released,jobs_completed,deadline_miss,unfinished,rt_avg,rt_max,late_avg,late_max
136,FPP,0,0,7,122,122,8,0,1640,1639,0,1,36.688835,75,0.000000,0
136,FPP,1,1,6,114,114,24,0,1755,1754,0,1,51.383694,65,0.000000,0
136,FPP,2,2,0,14,14,1,0,14286,14286,0,0,1.000000,1,0.000000,0
136,FPP,3,3,2,19,19,3,0,10527,10527,0,0,3.420158,5,0.000000,0
136,FPP,4,4,4,76,76,10,0,2632,2632,0,0,15.882979,23,0.000000,0
136,FPP,5,5,5,87,87,4,0,2299,2299,0,0,8.815572,27,0.000000,0
136,FPP,6,6,1,17,17,1,0,11765,11765,0,0,1.071483,2,0.000000,0
136,FPP,7,7,3,61,61,3,0,3279,3279,0,0,4.255871,8,0.000000,0
run_id,policy,task_index,task_id,priority,period,deadline,wcet,offset,jobs_released,jobs_completed,deadline_miss,unfinished,rt_avg,rt_max,late_avg,late_max
137,FPP,0,0,1,33,33,3,0,6061,6061,0,0,3.500247,5,0.000000,0
137,FPP,1,1,3,59,59,1,0,3390,3390,0,0,2.255752,12,0.000000,0
137,FPP,2,2,0,12,12,2,0,16667,16667,0,0,2.000000,2,0.000000,0
137,FPP,3,3,4,86,86,1,0,2326,2326,0,0,2.467756,15,0.000000,0
137,FPP,4,4,7,132,132,8,0,1516,1515,0,1,37.601980,84,0.000000,0
137,FPP,5,5,2,52,52,6,0,3847,3847,0,0,8.302313,11,0.000000,0
137,FPP,6,6,5,124,124,11,0,1613,1613,0,0,18.667080,28,0.000000,0
137,FPP,7,7,6,131,131,27,0,1527,1527,0,0,52.707924,76,0.000000,0
run_id,policy,task_index,task_id,priority,period,deadline,wcet,offset,jobs_released,jobs_completed,deadline_miss,unfinished,rt_avg,rt_max,late_avg,late_max
138,FPP,0,0,4,37,37,1,0,5406,5406,0,0,2.496670,10,0.000000,0
138,FPP,1,1,3,27,27,1,0,7408,7408,0,0,3.839903,9,0.000000,0
138,FPP,2,2,6,83,83,8,0,2410,2410,0,0,20.925311,44,0.000000,0
138,FPP,3,3,1,18,18,4,0,11112,11111,0,1,4.500045,5,0.000000,0
138,FPP,4,4,5,81,81,10,0,2470,2469,0,1,20.967598,30,0.000000,0
138,FPP,5,5,0,12,12,1,0,16667,16667,0,0,1.000000,1,0.000000,0
138,FPP,6,6,7,136,136,9,0,1471,1471,0,0,31.060503,63,0.000000,0
138,FPP,7,7,2,25,25,3,0,8000,8000,0,0,4.472125,8,0.000000,0
run_id,policy,task_index,task_id,priority,period,deadline,wcet,offset,jobs_released,jobs_completed,deadline_miss,unfinished,rt_avg,rt_max,late_avg,late_max
139,FPP,0,0,0,47,47,11,0,4256,4256,0,0,11.000000,11,0.000000,0
139,FPP,1,1,2,62,62,8,0,3226,3226,0,0,12.880347,25,0.000000,0
139,FPP,2,2,6,110,110,13,0,1819,1818,0,1,32.257426,75,0.000000,0
139,FPP,3,3,4,81,81,9,0,2470,2469,0,1,18.204941,35,0.000000,0
139,FPP,4,4,1,59,59,6,0,3390,3390,0,0,8.576106,17,0.000000,0
139,FPP,5,5,5,83,83,1,0,2410,2410,0,0,7.356017,36,0.000000,0
139,FPP,6,6,3,73,73,1,0,2740,2740,0,0,4.822263,26,0.000000,0
139,FPP,7,7,7,124,124,13,0,1613,1613,0,0,53.009919,109,0.000000,0
run_id,policy,task_index,task_id,priority,period,deadline,wcet,offset,jobs_released,jobs_completed,deadline_miss,unfinished,rt_avg,rt_max,late_avg,late_max
140,FPP,0,0,3,43,43,2,0,4652,4652,0,0,3.009458,9,0.000000,0
140,FPP,1,1,2,40,40,5,0,5000,5000,0,0,6.286000,7,0.000000,0
140,FPP,2,2,0,10,10,1,0,20000,20000,0,0,1.000000,1,0.000000,0
140,FPP,3,3,7,145,145,16,0,1380,1379,0,1,43.391588,74,0.000000,0
140,FPP,4,4,6,95,95,12,0,2106,2106,0,0,23.941595,35,0.000000,0
140,FPP,5,5,4,50,50,7,0,4000,4000,0,0,10.656000,17,0.000000,0
140,FPP,6,6,1,21,21,1,0,9524,9524,0,0,1.100063,2,0.000000,0
140,FPP,7,7,5,63,63,3,0,3175,3175,0,0,7.502992,20,0.000000,0
run_id,policy,task_index,task_id,priority,period,deadline,wcet,offset,jobs_released,jobs_completed,deadline_miss,unfinished,rt_avg,rt_max,late_avg,late_max
141,FPP,0,0,6,138,138,4,0,1450,1450,0,0,18.857931,50,0.000000,0
141,FPP,1,1,2,26,26,4,0,7693,7693,0,0,4.869492,8,0.000000,0
141,FPP,2,2,3,66,66,12,0,3031,3031,0,0,17.234906,20,0.000000,0
141,FPP,3,3,0,23,23,3,0,8696,8696,0,0,3.000000,3,0.000000,0
141,FPP,4,4,4,83,83,6,0,2410,2410,0,0,13.321577,34,0.000000,0
141,FPP,5,5,5,103,103,9,0,1942,1942,0,0,22.073635,43,0.000000,0
141,FPP,6,6,7,141,141,4,0,1419,1419,0,0,17.472868,59,0.000000,0
141,FPP,7,7,1,25,25,1,0,8000,8000,0,0,1.261000,4,0.000000,0
run_id,policy,task_index,task_id,priority,period,deadline,wcet,offset,jobs_released,jobs_completed,deadline_miss,unfinished,rt_avg,rt_max,late_avg,late_max
142,FPP,0,0,1,20,20,1,0,10000,10000,0,0,1.333400,2,0.000000,0
142,FPP,1,1,5,113,113,21,0,1770,1770,0,0,31.233898,45,0.000000,0
142,FPP,2,2,0,15,15,1,0,13334,13334,0,0,1.000000,1,0.000000,0
142,FPP,3,3,4,102,102,10,0,1961,1961,0,0,13.171341,22,0.000000,0
142,FPP,4,4,3,81,81,7,0,2470,2470,0,0,8.135628,10,0.000000,0
142,FPP,5,5,6,129,129,23,0,1551,1551,0,0,47.079948,72,0.000000,0
142,FPP,6,6,2,47,47,1,0,4256,4256,0,0,1.133459,3,0.000000,0
142,FPP,7,7,7,142,142,17,0,1409,1409,0,0,55.188786,100,0.000000,0
run_id,policy,task_index,task_id,priority,period,deadline,wcet,offset,jobs_released,jobs_completed,deadline_miss,unfinished,rt_avg,rt_max,late_avg,late_max
143,FPP,0,0,3,67,67,3,0,2986,2986,0,0,4.855660,15,0.000000,0
143,FPP,1,1,6,144,144,28,0,1389,1389,0,0,63.572354,90,0.000000,0
143,FPP,2,2,5,123,123,10,0,1627,1626,0,1,21.367774,44,0.000000,0
143,FPP,3,3,1,27,27,1,0,7408,7408,0,0,1.062500,2,0.000000,0
143,FPP,4,4,2,60,60,10,0,3334,3334,0,0,11.194661,12,0.000000,0
143,FPP,5,5,4,91,91,16,0,2198,2198,0,0,23.345314,34,0.000000,0
143,FPP,6,6,7,144,144,3,0,1389,1389,0,0,70.515479,111,0.000000,0
143,FPP,7,7,0,16,16,1,0,12500,12500,0,0,1.000000,1,0.000000,0
run_id,policy,task_index,task_id,priority,period,deadline,wcet,offset,jobs_released,jobs_completed,deadline_miss,unfinished,rt_avg,rt_max,late_avg,late_max
144,FPP,0,0,7,148,148,22,0,1352,1352,0,0,59.757396,94,0.000000,0
144,FPP,1,1,1,18,18,1,0,11112,11112,0,0,1.142909,2,0.000000,0
144,FPP,2,2,5,118,118,16,0,1695,1695,0,0,27.736283,42,0.000000,0
144,FPP,3,3,4,94,94,13,0,2128,2128,0,0,17.764568,21,0.000000,0
144,FPP,4,4,6,146,146,13,0,1370,1370,0,0,30.740876,61,0.000000,0
144,FPP,5,5,2,22,22,3,0,9091,9091,0,0,3.507975,5,0.000000,0
144,FPP,6,6,0,14,14,1,0,14286,14286,0,0,1.000000,1,0.000000,0
144,FPP,7,7,3,71,71,1,0,2817,2817,0,0,1.494143,6,0.000000,0
run_id,policy,task_index,task_id,priority,period,deadline,wcet,offset,jobs_released,jobs_completed,deadline_miss,unfinished,rt_avg,rt_max,late_avg,late_max
145,FPP,0,0,0,10,10,1,0,20000,20000,0,0,1.000000,1,0.000000,0
145,FPP,1,1,5,126,126,20,0,1588,1588,0,0,33.481738,52,0.000000,0
145,FPP,2,2,6,136,136,12,0,1471,1471,0,0,30.685928,67,0.000000,0
145,FPP,3,3,4,102,102,3,0,1961,1961,0,0,6.201938,27,0.000000,0
145,FPP,4,4,7,136,136,22,0,1471,1470,0,1,74.938776,118,0.000000,0
145,FPP,5,5,3,97,97,10,0,2062,2062,0,0,13.935500,24,0.000000,0
145,FPP,6,6,1,32,32,2,0,6250,6250,0,0,2.200000,3,0.000000,0
145,FPP,7,7,2,89,89,9,0,2248,2248,0,0,10.651246,13,0.000000,0
run_id,policy,task_index,task_id,priority,period,deadline,wcet,offset,jobs_released,jobs_completed,deadline_miss,unfinished,rt_avg,rt_max,late_avg,late_max
146,FPP,0,0,3,67,67,8,0,2986,2985,0,1,11.900168,20,0.000000,0
146,FPP,1,1,1,38,38,5,0,5264,5264,0,0,5.600114,6,0.000000,0
146,FPP,2,2,0,10,10,1,0,20000,20000,0,0,1.000000,1,0.000000,0
146,FPP,3,3,6,92,92,10,0,2174,2174,0,0,22.952622,47,0.000000,0
146,FPP,4,4,2,58,58,5,0,3449,3449,0,0,6.758191,12,0.000000,0
146,FPP,5,5,7,127,127,13,0,1575,1575,0,0,37.382857,67,0.000000,0
146,FPP,6,6,5,89,89,1,0,2248,2248,0,0,5.106762,30,0.000000,0
146,FPP,7,7,4,80,80,8,0,2500,2500,0,0,15.282000,29,0.000000,0
run_id,policy,task_index,task_id,priority,period,deadline,wcet,offset,jobs_released,jobs_completed,deadline_miss,unfinished,rt_avg,rt_max,late_avg,late_max
147,FPP,0,0,1,28,28,1,0,7143,7143,0,0,2.000000,2,0.000000,0
147,FPP,1,1,7,137,137,24,0,1460,1460,0,0,60.131507,89,0.000000,0
147,FPP,2,2,5,100,100,1,0,2000,2000,0,0,3.488000,18,0.000000,0
147,FPP,3,3,2,31,31,4,0,6452,6452,0,0,4.464197,6,0.000000,0
147,FPP,4,4,0,14,14,1,0,14286,14286,0,0,1.000000,1,0.000000,0
147,FPP,5,5,4,55,55,4,0,3637,3637,0,0,7.073137,17,0.000000,0
147,FPP,6,6,3,39,39,6,0,5129,5129,0,0,7.875609,12,0.000000,0
147,FPP,7,7,6,112,112,15,0,1786,1786,0,0,28.823628,39,0.000000,0
run_id,policy,task_index,task_id,priority,period,deadline,wcet,offset,jobs_released,jobs_completed,deadline_miss,unfinished,rt_avg,rt_max,late_avg,late_max
148,FPP,0,0,1,31,31,3,0,6452,6452,0,0,3.272784,4,0.000000,0
148,FPP,1,1,5,82,82,13,0,2440,2439,0,1,26.268553,48,0.000000,0
148,FPP,2,2,7,96,96,3,0,2084,2084,0,0,25.404990,66,0.000000,0
148,FPP,3,3,6,86,86,11,0,2326,2326,0,0,34.693465,60,0.000000,0
148,FPP,4,4,0,11,11,1,0,18182,18182,0,0,1.000000,1,0.000000,0
148,FPP,5,5,3,43,43,2,0,4652,4652,0,0,3.114144,10,0.000000,0
148,FPP,6,6,2,38,38,4,0,5264,5264,0,0,4.944529,8,0.000000,0
148,FPP,7,7,4,72,72,12,0,2778,2778,0,0,17.958243,24,0.000000,0
run_id,policy,task_index,task_id,priority,period,deadline,wcet,offset,jobs_released,jobs_completed,deadline_miss,unfinished,rt_avg,rt_max,late_avg,late_max
149,FPP,0,0,4,106,106,16,0,1887,1887,0,0,25.933757,44,0.000000,0
149,FPP,1,1,2,82,82,5,0,2440,2439,0,1,7.838868,23,0.000000,0
149,FPP,2,2,7,126,126,3,0,1588,1588,0,0,29.612091,105,0.000000,0
149,FPP,3,3,0,61,61,6,0,3279,3279,0,0,6.000000,6,0.000000,0
149,FPP,4,4,1,78,78,12,0,2565,2564,0,1,13.427457,18,0.000000,0
149,FPP,5,5,6,117,117,26,0,1710,1710,0,0,58.859064,102,0.000000,0
149,FPP,6,6,5,111,111,4,0,1802,1802,0,0,12.921754,48,0.000000,0
149,FPP,7,7,3,85,85,5,0,2353,2353,0,0,8.620484,28,0.000000,0
run_id,policy,task_index,task_id,priority,period,deadline,wcet,offset,jobs_released,jobs_completed,deadline_miss,unfinished,rt_avg,rt_max,late_avg,late_max
150,FPP,0,0,3,102,102,5,0,1961,1961,0,0,7.605813,21,0.000000,0
150,FPP,1,1,7,134,134,12,0,1493,1493,0,0,44.996651,95,0.000000,0
150,FPP,2,2,2,74,74,6,0,2703,2703,0,0,7.642619,16,0.000000,0
150,FPP,3,3,6,133,133,19,0,1504,1504,0,0,44.440160,83,0.000000,0
150,FPP,4,4,5,110,110,10,0,1819,1819,0,0,21.145135,48,0.000000,0
150,FPP,5,5,0,50,50,6,0,4000,4000,0,0,6.000000,6,0.000000,0
150,FPP,6,6,1,59,59,4,0,3390,3390,0,0,4.782006,10,0.000000,0
150,FPP,7,7,4,104,104,17,0,1924,1923,0,1,25.060842,38,0.000000,0
run_id,policy,task_index,task_id,priority,period,deadline,wcet,offset,jobs_released,jobs_completed,deadline_miss,unfinished,rt_avg,rt_max,late_avg,late_max
151,FPP,0,0,4,116,116,3,0,1725,1725,0,0,6.154203,20,0.000000,0
151,FPP,1,1,0,36,36,2,0,5556,5556,0,0,2.000000,2,0.000000,0
151,FPP,2,2,5,132,132,22,0,1516,1515,0,1,37.538614,59,0.000000,0
151,FPP,3,3,1,37,37,1,0,5406,5406,0,0,1.083796,3,0.000000,0
151,FPP,4,4,6,141,141,6,0,1419,1419,0,0,19.357294,65,0.000000,0
151,FPP,5,5,2,40,40,6,0,5000,5000,0,0,6.618600,9,0.000000,0
151,FPP,6,6,3,49,49,8,0,4082,4082,0,0,10.589172,17,0.000000,0
151,FPP,7,7,7,146,146,24,0,1370,1370,0,0,64.276642,98,0.000000,0
run_id,policy,task_index,task_id,priority,period,deadline,wcet,offset,jobs_released,jobs_completed,deadline_miss,unfinished,rt_avg,rt_max,late_avg,late_max
152,FPP,0,0,6,106,106,1,0,1887,1887,0,0,14.115527,56,0.000000,0
152,FPP,1,1,2,71,71,12,0,2817,2817,0,0,14.173589,21,0.000000,0
152,FPP,2,2,5,105,105,13,0,1905,1905,0,0,31.066667,55,0.000000,0
152,FPP,3,3,0,53,53,1,0,3774,3774,0,0,1.000000,1,0.000000,0
152,FPP,4,4,7,112,112,15,0,1786,1786,1,0,47.855543,126,0.007839,14
152,FPP,5,5,1,66,66,8,0,3031,3031,0,0,8.151435,9,0.000000,0
152,FPP,6,6,3,74,74,11,0,2703,2703,0,0,16.871994,32,0.000000,0
152,FPP,7,7,4,84,84,9,0,2381,2381,0,0,18.590508,41,0.000000,0
run_id,policy,task_index,task_id,priority,period,deadline,wcet,offset,jobs_released,jobs_completed,deadline_miss,unfinished,rt_avg,rt_max,late_avg,late_max
153,FPP,0,0,0,27,27,1,0,7408,7408,0,0,1.000000,1,0.000000,0
153,FPP,1,1,5,84,84,8,0,2381,2381,0,0,15.193196,34,0.000000,0
153,FPP,2,2,3,60,60,11,0,3334,3334,0,0,14.142172,22,0.000000,0
153,FPP,3,3,6,85,85,14,0,2353,2353,0,0,29.759456,48,0.000000,0
153,FPP,4,4,4,67,67,3,0,2986,2986,0,0,6.703952,25,0.000000,0
153,FPP,5,5,1,57,57,7,0,3509,3509,0,0,7.333143,8,0.000000,0
153,FPP,6,6,7,118,118,12,0,1695,1695,0,0,39.162242,108,0.000000,0
153,FPP,7,7,2,58,58,3,0,3449,3449,0,0,3.918527,11,0.000000,0
run_id,policy,task_index,task_id,priority,period,deadline,wcet,offset,jobs_released,jobs_completed,deadline_miss,unfinished,rt_avg,rt_max,late_avg,late_max
154,FPP,0,0,4,90,90,10,0,2223,2223,0,0,15.569951,22,0.000000,0
154,FPP,1,1,0,24,24,3,0,8334,8334,0,0,3.000000,3,0.000000,0
154,FPP,2,2,3,79,79,3,0,2532,2532,0,0,4.689573,12,0.000000,0
154,FPP,3,3,7,141,141,17,0,1419,1419,0,0,46.354475,86,0.000000,0
154,FPP,4,4,1,25,25,3,0,8000,8000,0,0,3.500250,6,0.000000,0
154,FPP,5,5,2,41,41,3,0,4879,4878,0,1,4.145346,9,0.000000,0
154,FPP,6,6,6,137,137,10,0,1460,1460,0,0,24.003425,57,0.000000,0
154,FPP,7,7,5,105,105,10,0,1905,1905,0,0,19.666142,38,0.000000,0
run_id,policy,task_index,task_id,priority,period,deadline,wcet,offset,jobs_released,jobs_completed,deadline_miss,unfinished,rt_avg,rt_max,late_avg,late_max
155,FPP,0,0,3,86,86,11,0,2326,2326,0,0,13.448409,23,0.000000,0
155,FPP,1,1,7,131,131,18,0,1527,1527,0,0,52.824492,110,0.000000,0
155,FPP,2,2,0,66,66,6,0,3031,3031,0,0,6.000000,6,0.000000,0
155,FPP,3,3,5,112,112,18,0,1786,1786,0,0,27.452968,45,0.000000,0
155,FPP,4,4,2,83,83,3,0,2410,2410,0,0,3.725311,12,0.000000,0
155,FPP,5,5,4,93,93,4,0,2151,2151,0,0,6.909809,27,0.000000,0
155,FPP,6,6,6,125,125,20,0,1600,1600,0,0,40.542500,65,0.000000,0
155,FPP,7,7,1,73,73,3,0,2740,2740,0,0,3.501095,9,0.000000,0
run_id,policy,task_index,task_id,priority,period,deadline,wcet,offset,jobs_released,jobs_completed,deadline_miss,unfinished,rt_avg,rt_max,late_avg,late_max
156,FPP,0,0,3,37,37,3,0,5406,5406,0,0,4.372549,8,0.000000,0
156,FPP,1,1,7,134,134,13,0,1493,1493,0,0,46.872739,87,0.000000,0
156,FPP,2,2,5,101,101,16,0,1981,1980,0,1,28.454040,34,0.000000,0
156,FPP,3,3,2,23,23,3,0,8696,8696,0,0,3.600161,5,0.000000,0
156,FPP,4,4,6,125,125,14,0,1600,1600,0,0,36.386875,60,0.000000,0
156,FPP,5,5,4,39,39,2,0,5129,5129,0,0,3.610255,10,0.000000,0
156,FPP,6,6,0,10,10,1,0,20000,20000,0,0,1.000000,1,0.000000,0
156,FPP,7,7,1,12,12,1,0,16667,16667,0,0,1.200036,2,0.000000,0
run_id,policy,task_index,task_id,priority,period,deadline,wcet,offset,jobs_released,jobs_completed,deadline_miss,unfinished,rt_avg,rt_max,late_avg,late_max
157,FPP,0,0,2,91,91,12,0,2198,2198,0,0,15.727934,23,0.000000,0
157,FPP,1,1,0,46,46,8,0,4348,4348,0,0,8.000000,8,0.000000,0
157,FPP,2,2,3,110,110,15,0,1819,1819,0,0,26.012644,38,0.000000,0
157,FPP,3,3,5,140,140,13,0,1429,1429,0,0,31.012596,70,0.000000,0
157,FPP,4,4,4,139,139,8,0,1439,1439,0,0,18.261987,46,0.000000,0
157,FPP,5,5,1,55,55,3,0,3637,3637,0,0,4.131702,11,0.000000,0
157,FPP,6,6,6,140,140,6,0,1429,1429,0,0,42.554234,76,0.000000,0
157,FPP,7,7,7,150,150,20,0,1334,1333,0,1,62.764441,134,0.000000,0
run_id,policy,task_index,task_id,priority,period,deadline,wcet,offset,jobs_released,jobs_completed,deadline_miss,unfinished,rt_avg,rt_max,late_avg,late_max
158,FPP,0,0,1,28,28,4,0,7143,7143,0,0,4.222176,5,0.000000,0
158,FPP,1,1,5,84,84,2,0,2381,2381,0,0,12.158757,40,0.000000,0
158,FPP,2,2,6,125,125,11,0,1600,1600,0,0,27.520625,51,0.000000,0
158,FPP,3,3,7,149,149,22,0,1343,1343,0,0,65.208488,118,0.000000,0
158,FPP,4,4,3,77,77,5,0,2598,2598,0,0,7.697075,14,0.000000,0
158,FPP,5,5,4,80,80,14,0,2500,2500,0,0,23.340800,38,0.000000,0
158,FPP,6,6,0,18,18,1,0,11112,11112,0,0,1.000000,1,0.000000,0
158,FPP,7,7,2,32,32,4,0,6250,6250,0,0,4.984000,9,0.000000,0
run_id,policy,task_index,task_id,priority,period,deadline,wcet,offset,jobs_released,jobs_completed,deadline_miss,unfinished,rt_avg,rt_max,late_avg,late_max
159,FPP,0,0,0,11,11,1,0,18182,18182,0,0,1.000000,1,0.000000,0
159,FPP,1,1,4,52,52,5,0,3847,3847,0,0,7.726800,15,0.000000,0
159,FPP,2,2,5,72,72,9,0,2778,2778,0,0,16.026278,26,0.000000,0
159,FPP,3,3,1,21,21,1,0,9524,9524,0,0,1.090928,2,0.000000,0
159,FPP,4,4,3,43,43,3,0,4652,4652,0,0,4.256879,9,0.000000,0
159,FPP,5,5,7,108,108,15,0,1852,1852,0,0,37.939525,66,0.000000,0
159,FPP,6,6,6,90,90,4,0,2223,2223,0,0,14.898785,30,0.000000,0
159,FPP,7,7,2,30,30,4,0,6667,6667,0,0,4.675566,6,0.000000,0
run_id,policy,task_index,task_id,priority,period,deadline,wcet,offset,jobs_released,jobs_completed,deadline_miss,unfinished,rt_avg,rt_max,late_avg,late_max
160,FPP,0,0,4,75,75,8,0,2667,2667,0,0,10.523435,14,0.000000,0
160,FPP,1,1,5,98,98,15,0,2041,2041,0,0,22.914748,33,0.000000,0
160,FPP,2,2,1,27,27,2,0,7408,7408,0,0,2.263229,4,0.000000,0
160,FPP,3,3,0,19,19,2,0,10527,10527,0,0,2.000000,2,0.000000,0
160,FPP,4,4,6,125,125,9,0,1600,1600,0,0,20.973750,46,0.000000,0
160,FPP,5,5,2,33,33,1,0,6061,6061,0,0,1.415443,5,0.000000,0
160,FPP,6,6,7,135,135,27,0,1482,1482,0,0,63.705803,91,0.000000,0
160,FPP,7,7,3,33,33,1,0,6061,6061,0,0,2.544135,6,0.000000,0
run_id,policy,task_index,task_id,priority,period,deadline,wcet,offset,jobs_released,jobs_completed,deadline_miss,unfinished,rt_avg,rt_max,late_avg,late_max
161,FPP,0,0,6,109,109,8,0,1835,1835,0,0,23.828883,61,0.000000,0
161,FPP,1,1,3,101,101,1,0,1981,1981,0,0,2.129228,11,0.000000,0
161,FPP,2,2,7,145,145,21,0,1380,1380,0,0,59.349275,93,0.000000,0
161,FPP,3,3,0,21,21,1,0,9524,9524,0,0,1.000000,1,0.000000,0
161,FPP,4,4,5,102,102,21,0,1961,1961,0,0,34.173891,53,0.000000,0
161,FPP,5,5,1,33,33,1,0,6061,6061,0,0,1.142881,2,0.000000,0
161,FPP,6,6,4,101,101,10,0,1981,1981,0,0,15.220596,21,0.000000,0
161,FPP,7,7,2,41,41,8,0,4879,4878,0,1,8.645961,10,0.000000,0
run_id,policy,task_index,task_id,priority,period,deadline,wcet,offset,jobs_released,jobs_completed,deadline_miss,unfinished,rt_avg,rt_max,late_avg,late_max
162,FPP,0,0,3,65,65,8,0,3077,3077,0,0,11.701007,20,0.000000,0
162,FPP,1,1,6,149,149,19,0,1343,1343,0,0,42.349963,63,0.000000,0
162,FPP,2,2,5,126,126,1,0,1588,1588,0,0,6.107053,32,0.000000,0
162,FPP,3,3,7,149,149,14,0,1343,1342,0,1,73.833085,110,0.000000,0
162,FPP,4,4,2,46,46,7,0,4348,4348,0,0,8.244480,10,0.000000,0
162,FPP,5,5,4,86,86,11,0,2326,2326,0,0,19.434652,31,0.000000,0
162,FPP,6,6,1,38,38,1,0,5264,5264,0,0,1.250000,3,0.000000,0
162,FPP,7,7,0,16,16,2,0,12500,12500,0,0,2.000000,2,0.000000,0
run_id,policy,task_index,task_id,priority,period,deadline,wcet,offset,jobs_released,jobs_completed,deadline_miss,unfinished,rt_avg,rt_max,late_avg,late_max
163,FPP,0,0,0,15,15,1,0,13334,13334,0,0,1.000000,1,0.000000,0
163,FPP,1,1,6,136,136,17,0,1471,1471,0,0,47.018355,83,0.000000,0
163,FPP,2,2,5,133,133,1,0,1504,1504,0,0,11.840426,44,0.000000,0
163,FPP,3,3,3,91,91,20,0,2198,2198,0,0,32.589172,42,0.000000,0
163,FPP,4,4,2,61,61,7,0,3279,3279,0,0,10.542238,21,0.000000,0
163,FPP,5,5,7,140,140,13,0,1429,1428,2,1,56.257003,159,0.025910,19
163,FPP,6,6,4,104,104,1,0,1924,1924,0,0,12.525468,43,0.000000,0
163,FPP,7,7,1,56,56,12,0,3572,3572,0,0,12.800112,13,0.000000,0
run_id,policy,task_index,task_id,priority,period,deadline,wcet,offset,jobs_released,jobs_completed,deadline_miss,unfinished,rt_avg,rt_max,late_avg,late_max
164,FPP,0,0,4,56,56,8,0,3572,3572,0,0,15.146137,27,0.000000,0
164,FPP,1,1,1,36,36,4,0,5556,5556,0,0,5.000000,5,0.000000,0
164,FPP,2,2,7,105,105,9,0,1905,1905,0,0,34.835171,80,0.000000,0
164,FPP,3,3,0,18,18,1,0,11112,11112,0,0,1.000000,1,0.000000,0
164,FPP,4,4,5,87,87,11,0,2299,2299,0,0,26.469334,48,0.000000,0
164,FPP,5,5,3,50,50,8,0,4000,4000,0,0,11.370000,18,0.000000,0
164,FPP,6,6,6,97,97,1,0,2062,2062,0,0,10.620757,49,0.000000,0
164,FPP,7,7,2,42,42,5,0,4762,4762,0,0,6.000420,10,0.000000,0
run_id,policy,task_index,task_id,priority,period,deadline,wcet,offset,jobs_released,jobs_completed,deadline_miss,unfinished,rt_avg,rt_max,late_avg,late_max
165,FPP,0,0,3,75,75,14,0,2667,2667,0,0,18.306337,25,0.000000,0
165,FPP,1,1,6,108,108,3,0,1852,1852,0,0,18.977862,67,0.000000,0
165,FPP,2,2,7,137,137,12,0,1460,1460,0,0,43.240411,94,0.000000,0
165,FPP,3,3,1,48,48,6,0,4167,4167,0,0,6.181665,7,0.000000,0
165,FPP,4,4,0,44,44,1,0,4546,4546,0,0,1.000000,1,0.000000,0
165,FPP,5,5,4,105,105,15,0,1905,1905,0,0,25.701837,40,0.000000,0
165,FPP,6,6,2,48,48,4,0,4167,4167,0,0,10.272378,11,0.000000,0
165,FPP,7,7,5,107,107,13,0,1870,1870,0,0,31.083957,64,0.000000,0
run_id,policy,task_index,task_id,priority,period,deadline,wcet,offset,jobs_released,jobs_completed,deadline_miss,unfinished,rt_avg,rt_max,late_avg,late_max
166,FPP,0,0,4,60,60,4,0,3334,3334,0,0,12.257948,25,0.000000,0
166,FPP,1,1,2,40,40,8,0,5000,5000,0,0,10.129000,12,0.000000,0
166,FPP,2,2,7,149,149,1,0,1343,1343,0,0,22.257632,99,0.000000,0
166,FPP,3,3,5,64,64,4,0,3125,3125,0,0,11.462080,29,0.000000,0
166,FPP,4,4,1,21,21,1,0,9524,9524,0,0,1.353108,4,0.000000,0
166,FPP,5,5,3,41,41,5,0,4879,4878,0,1,9.087536,17,0.000000,0
166,FPP,6,6,6,132,132,20,0,1516,1515,0,1,61.252145,98,0.000000,0
166,FPP,7,7,0,17,17,3,0,11765,11765,0,0,3.000000,3,0.000000,0
run_id,policy,task_index,task_id,priority,period,deadline,wcet,offset,jobs_released,jobs_completed,deadline_miss,unfinished,rt_avg,rt_max,late_avg,late_max
167,FPP,0,0,2,68,68,5,0,2942,2942,0,0,6.848063,12,0.000000,0
167,FPP,1,1,5,107,107,18,0,1870,1869,0,1,33.256822,52,0.000000,0
167,FPP,2,2,1,40,40,3,0,5000,5000,0,0,3.769200,7,0.000000,0
167,FPP,3,3,3,96,96,13,0,2084,2084,0,0,18.709213,25,0.000000,0
167,FPP,4,4,4,102,102,2,0,1961,1961,0,0,8.089240,31,0.000000,0
167,FPP,5,5,7,130,130,17,0,1539,1539,0,0,49.946069,87,0.000000,0
167,FPP,6,6,0,26,26,4,0,7693,7693,0,0,4.000000,4,0.000000,0
167,FPP,7,7,6,118,118,2,0,1695,1695,0,0,12.336283,58,0.000000,0
run_id,policy,task_index,task_id,priority,period,deadline,wcet,offset,jobs_released,jobs_completed,deadline_miss,unfinished,rt_avg,rt_max,late_avg,late_max
168,FPP,0,0,7,115,115,1,0,1740,1740,0,0,13.685632,63,0.000000,0
168,FPP,1,1,6,98,98,14,0,2041,2041,0,0,35.999510,62,0.000000,0
168,FPP,2,2,1,18,18,1,0,11112,11112,0,0,1.142909,2,0.000000,0
168,FPP,3,3,5,94,94,5,0,2128,2128,0,0,12.533835,28,0.000000,0
168,FPP,4,4,0,14,14,1,0,14286,14286,0,0,1.000000,1,0.000000,0
168,FPP,5,5,4,43,43,10,0,4652,4651,0,1,14.645883,18,0.000000,0
168,FPP,6,6,2,22,22,4,0,9091,9091,0,0,4.571334,6,0.000000,0
168,FPP,7,7,3,36,36,1,0,5556,5556,0,0,2.818575,7,0.000000,0
run_id,policy,task_index,task_id,priority,period,deadline,wcet,offset,jobs_released,jobs_completed,deadline_miss,unfinished,rt_avg,rt_max,late_avg,late_max
169,FPP,0,0,5,135,135,13,0,1482,1482,0,0,30.617409,61,0.000000,0
169,FPP,1,1,1,19,19,1,0,10527,10527,0,0,1.076945,2,0.000000,0
169,FPP,2,2,6,136,136,28,0,1471,1470,0,1,74.919048,98,0.000000,0
169,FPP,3,3,0,13,13,1,0,15385,15385,0,0,1.000000,1,0.000000,0
169,FPP,4,4,7,138,138,4,0,1450,1449,0,1,42.509317,102,0.000000,0
169,FPP,5,5,3,102,102,17,0,1961,1961,0,0,21.964814,25,0.000000,0
169,FPP,6,6,4,106,106,16,0,1887,1887,0,0,27.082671,46,0.000000,0
169,FPP,7,7,2,21,21,2,0,9524,9524,0,0,2.279189,4,0.000000,0
run_id,policy,task_index,task_id,priority,period,deadline,wcet,offset,jobs_released,jobs_completed,deadline_miss,unfinished,rt_avg,rt_max,late_avg,late_max
170,FPP,0,0,5,86,86,5,0,2326,2326,0,0,19.052880,48,0.000000,0
170,FPP,1,1,7,119,119,2,0,1681,1681,0,0,20.223676,73,0.000000,0
170,FPP,2,2,3,73,73,14,0,2740,2740,0,0,22.857664,31,0.000000,0
170,FPP,3,3,1,51,51,10,0,3922,3922,0,0,12.345232,16,0.000000,0
170,FPP,4,4,2,62,62,1,0,3226,3226,0,0,3.456603,17,0.000000,0
170,FPP,5,5,0,32,32,6,0,6250,6250,0,0,6.000000,6,0.000000,0
170,FPP,6,6,6,107,107,6,0,1870,1870,0,0,25.368449,71,0.000000,0
170,FPP,7,7,4,74,74,6,0,2703,2703,0,0,17.289678,43,0.000000,0
run_id,policy,task_index,task_id,priority,period,deadline,wcet,offset,jobs_released,jobs_completed,deadline_miss,unfinished,rt_avg,rt_max,late_avg,late_max
171,FPP,0,0,5,131,131,10,0,1527,1527,0,0,24.882777,57,0.000000,0
171,FPP,1,1,3,118,118,10,0,1695,1695,0,0,17.823009,36,0.000000,0
171,FPP,2,2,4,130,130,11,0,1539,1539,0,0,23.276153,47,0.000000,0
171,FPP,3,3,2,73,73,6,0,2740,2740,0,0,10.189416,26,0.000000,0
171,FPP,4,4,1,66,66,10,0,3031,3031,0,0,12.413725,20,0.000000,0
171,FPP,5,5,0,58,58,10,0,3449,3449,0,0,10.000000,10,0.000000,0
171,FPP,6,6,6,137,137,13,0,1460,1460,0,0,39.573288,96,0.000000,0
171,FPP,7,7,7,144,144,10,0,1389,1389,0,0,44.120950,106,0.000000,0
run_id,policy,task_index,task_id,priority,period,deadline,wcet,offset,jobs_released,jobs_completed,deadline_miss,unfinished,rt_avg,rt_max,late_avg,late_max
172,FPP,0,0,4,69,69,1,0,2899,2899,0,0,3.431873,18,0.000000,0
172,FPP,1,1,5,92,92,15,0,2174,2174,0,0,25.966421,34,0.000000,0
172,FPP,2,2,6,92,92,1,0,2174,2174,0,0,27.439282,35,0.000000,0
172,FPP,3,3,1,39,39,6,0,5129,5129,0,0,6.333203,7,0.000000,0
172,FPP,4,4,7,144,144,26,0,1389,1389,0,0,64.404608,110,0.000000,0
172,FPP,5,5,3,57,57,5,0,3509,3509,0,0,8.011399,17,0.000000,0
172,FPP,6,6,0,18,18,1,0,11112,11112,0,0,1.000000,1,0.000000,0
172,FPP,7,7,2,41,41,5,0,4879,4878,0,1,6.560271,12,0.000000,0
run_id,policy,task_index,task_id,priority,period,deadline,wcet,offset,jobs_released,jobs_completed,deadline_miss,unfinished,rt_avg,rt_max,late_avg,late_max
173,FPP,0,0,3,93,93,8,0,2151,2151,0,0,11.735007,16,0.000000,0
173,FPP,1,1,5,110,110,3,0,1819,1819,0,0,14.578340,48,0.000000,0
173,FPP,2,2,6,123,123,12,0,1627,1626,0,1,35.054736,68,0.000000,0
173,FPP,3,3,7,133,133,23,0,1504,1504,50,0,88.729388,163,0.341090,30
173,FPP,4,4,2,29,29,4,0,6897,6897,0,0,4.845730,6,0.000000,0
173,FPP,5,5,0,10,10,1,0,20000,20000,0,0,1.000000,1,0.000000,0
173,FPP,6,6,1,11,11,1,0,18182,18182,0,0,1.100044,2,0.000000,0
173,FPP,7,7,4,94,94,19,0,2128,2128,0,0,32.171523,44,0.000000,0
run_id,policy,task_index,task_id,priority,period,deadline,wcet,offset,jobs_released,jobs_completed,deadline_miss,unfinished,rt_avg,rt_max,late_avg,late_max
174,FPP,0,0,6,109,109,13,0,1835,1835,0,0,33.410899,66,0.000000,0
174,FPP,1,1,4,102,102,6,0,1961,1961,0,0,11.733299,34,0.000000,0
174,FPP,2,2,0,12,12,1,0,16667,16667,0,0,1.000000,1,0.000000,0
174,FPP,3,3,3,89,89,15,0,2248,2248,0,0,19.478648,28,0.000000,0
174,FPP,4,4,5,108,108,15,0,1852,1852,0,0,29.001080,51,0.000000,0
174,FPP,5,5,2,76,76,9,0,2632,2632,0,0,10.188830,11,0.000000,0
174,FPP,6,6,7,145,145,13,0,1380,1380,0,0,44.968116,144,0.000000,0
174,FPP,7,7,1,53,53,1,0,3774,3774,0,0,1.083466,2,0.000000,0
run_id,policy,task_index,task_id,priority,period,deadline,wcet,offset,jobs_released,jobs_completed,deadline_miss,unfinished,rt_avg,rt_max,late_avg,late_max
175,FPP,0,0,5,93,93,9,0,2151,2151,0,0,21.235704,47,0.000000,0
175,FPP,1,1,3,79,79,7,0,2532,2532,0,0,12.015403,30,0.000000,0
175,FPP,2,2,2,77,77,12,0,2598,2598,0,0,15.170901,20,0.000000,0
175,FPP,3,3,6,94,94,3,0,2128,2128,0,0,13.863722,53,0.000000,0
175,FPP,4,4,7,148,148,14,0,1352,1351,0,1,41.823094,72,0.000000,0
175,FPP,5,5,1,60,60,5,0,3334,3334,0,0,6.500000,8,0.000000,0
175,FPP,6,6,0,24,24,3,0,8334,8334,0,0,3.000000,3,0.000000,0
175,FPP,7,7,4,88,88,8,0,2273,2273,0,0,15.691157,38,0.000000,0
run_id,policy,task_index,task_id,priority,period,deadline,wcet,offset,jobs_released,jobs_completed,deadline_miss,unfinished,rt_avg,rt_max,late_avg,late_max
176,FPP,0,0,3,51,51,8,0,3922,3922,0,0,11.512494,18,0.000000,0
176,FPP,1,1,6,95,95,12,0,2106,2105,0,1,27.886461,46,0.000000,0
176,FPP,2,2,4,57,57,6,0,3509,3509,0,0,11.635794,24,0.000000,0
176,FPP,3,3,0,26,26,3,0,7693,7693,0,0,3.000000,3,0.000000,0
176,FPP,4,4,7,147,147,14,0,1361,1361,0,0,46.177076,88,0.000000,0
176,FPP,5,5,1,37,37,6,0,5406,5406,0,0,6.807991,9,0.000000,0
176,FPP,6,6,2,47,47,1,0,4256,4256,0,0,1.987312,10,0.000000,0
176,FPP,7,7,5,76,76,1,0,2632,2632,0,0,7.015578,25,0.000000,0
run_id,policy,task_index,task_id,priority,period,deadline,wcet,offset,jobs_released,jobs_completed,deadline_miss,unfinished,rt_avg,rt_max,late_avg,late_max
177,FPP,0,0,6,143,143,5,0,1399,1399,0,0,27.354539,71,0.000000,0
177,FPP,1,1,5,132,132,14,0,1516,1516,0,0,38.884565,64,0.000000,0
177,FPP,2,2,4,130,130,9,0,1539,1539,0,0,23.033138,48,0.000000,0
177,FPP,3,3,1,73,73,19,0,2740,2740,0,0,23.273358,25,0.000000,0
177,FPP,4,4,0,11,11,2,0,18182,18182,0,0,2.000000,2,0.000000,0
177,FPP,5,5,3,94,94,1,0,2128,2128,0,0,7.663064,37,0.000000,0
177,FPP,6,6,2,82,82,9,0,2440,2439,0,1,17.813038,36,0.000000,0
177,FPP,7,7,7,150,150,2,0,1334,1334,0,0,21.368066,73,0.000000,0
run_id,policy,task_index,task_id,priority,period,deadline,wcet,offset,jobs_released,jobs_completed,deadline_miss,unfinished,rt_avg,rt_max,late_avg,late_max
178,FPP,0,0,4,71,71,11,0,2817,2817,0,0,19.744054,34,0.000000,0
178,FPP,1,1,0,29,29,4,0,6897,6897,0,0,4.000000,4,0.000000,0
178,FPP,2,2,5,86,86,13,0,2326,2326,0,0,31.851247,54,0.000000,0
178,FPP,3,3,6,90,90,3,0,2223,2223,0,0,22.173639,57,0.000000,0
178,FPP,4,4,3,60,60,8,0,3334,3334,0,0,11.822136,19,0.000000,0
178,FPP,5,5,1,39,39,2,0,5129,5129,0,0,2.482355,6,0.000000,0
178,FPP,6,6,7,98,98,2,0,2041,2041,0,0,19.488976,71,0.000000,0
178,FPP,7,7,2,42,42,5,0,4762,4762,0,0,6.302184,11,0.000000,0
run_id,policy,task_index,task_id,priority,period,deadline,wcet,offset,jobs_released,jobs_completed,deadline_miss,unfinished,rt_avg,rt_max,late_avg,late_max
179,FPP,0,0,2,71,71,1,0,2817,2817,0,0,2.386226,16,0.000000,0
179,FPP,1,1,3,75,75,11,0,2667,2667,0,0,15.635921,27,0.000000,0
179,FPP,2,2,5,129,129,14,0,1551,1551,0,0,33.959381,75,0.000000,0
179,FPP,3,3,7,140,140,11,0,1429,1429,0,0,45.304409,104,0.000000,0
179,FPP,4,4,1,63,63,10,0,3175,3175,0,0,11.089764,15,0.000000,0
179,FPP,5,5,0,55,55,5,0,3637,3637,0,0,5.000000,5,0.000000,0
179,FPP,6,6,6,133,133,7,0,1504,1504,0,0,28.230718,93,0.000000,0
179,FPP,7,7,4,112,112,18,0,1786,1786,0,0,30.537514,45,0.000000,0
run_id,policy,task_index,task_id,priority,period,deadline,wcet,offset,jobs_released,jobs_completed,deadline_miss,unfinished,rt_avg,rt_max,late_avg,late_max
180,FPP,0,0,2,70,70,7,0,2858,2857,0,1,9.285614,16,0.000000,0
180,FPP,1,1,7,140,140,4,0,1429,1429,0,0,46.329601,114,0.000000,0
180,FPP,2,2,3,70,70,10,0,2858,2857,0,1,21.539027,26,0.000000,0
180,FPP,3,3,0,38,38,6,0,5264,5264,0,0,6.000000,6,0.000000,0
180,FPP,4,4,5,114,114,14,0,1755,1755,0,0,40.295157,64,0.000000,0
180,FPP,5,5,4,91,91,15,0,2198,2198,0,0,28.243403,47,0.000000,0
180,FPP,6,6,6,124,124,5,0,1613,1613,0,0,27.681339,69,0.000000,0
180,FPP,7,7,1,55,55,3,0,3637,3637,0,0,3.868023,9,0.000000,0
run_id,policy,task_index,task_id,priority,period,deadline,wcet,offset,jobs_released,jobs_completed,deadline_miss,unfinished,rt_avg,rt_max,late_avg,late_max
181,FPP,0,0,6,111,111,8,0,1802,1802,0,0,22.859046,53,0.000000,0
181,FPP,1,1,2,60,60,6,0,3334,3334,0,0,7.320036,11,0.000000,0
181,FPP,2,2,1,31,31,4,0,6452,6452,0,0,4.173745,5,0.000000,0
181,FPP,3,3,4,84,84,9,0,2381,2381,0,0,17.171777,37,0.000000,0
181,FPP,4,4,3,73,73,12,0,2740,2740,0,0,16.494526,23,0.000000,0
181,FPP,5,5,7,144,144,20,0,1389,1389,0,0,62.187905,136,0.000000,0
181,FPP,6,6,0,23,23,1,0,8696,8696,0,0,1.000000,1,0.000000,0
181,FPP,7,7,5,108,108,7,0,1852,1852,0,0,17.534017,44,0.000000,0
run_id,policy,task_index,task_id,priority,period,deadline,wcet,offset,jobs_released,jobs_completed,deadline_miss,unfinished,rt_avg,rt_max,late_avg,late_max
182,FPP,0,0,2,76,76,1,0,2632,2632,0,0,3.217325,19,0.000000,0
182,FPP,1,1,0,64,64,10,0,3125,3125,0,0,10.000000,10,0.000000,0
182,FPP,2,2,1,72,72,8,0,2778,2778,0,0,9.503240,18,0.000000,0
182,FPP,3,3,3,83,83,11,0,2410,2410,0,0,15.997095,30,0.000000,0
182,FPP,4,4,6,100,100,2,0,2000,2000,0,0,11.871000,50,0.000000,0
182,FPP,5,5,4,90,90,9,0,2223,2223,0,0,17.561404,39,0.000000,0
182,FPP,6,6,7,110,110,19,0,1819,1818,1,1,49.391639,119,0.004950,9
182,FPP,7,7,5,96,96,9,0,2084,2084,0,0,23.837812,48,0.000000,0
run_id,policy,task_index,task_id,priority,period,deadline,wcet,offset,jobs_released,jobs_completed,deadline_miss,unfinished,rt_avg,rt_max,late_avg,late_max
183,FPP,0,0,2,76,76,11,0,2632,2632,0,0,16.094225,21,0.000000,0
183,FPP,1,1,3,78,78,2,0,2565,2565,0,0,6.162183,23,0.000000,0
183,FPP,2,2,0,30,30,3,0,6667,6667,0,0,3.000000,3,0.000000,0
183,FPP,3,3,1,31,31,7,0,6452,6452,0,0,7.800527,10,0.000000,0
183,FPP,4,4,4,78,78,2,0,2565,2565,0,0,9.222222,25,0.000000,0
183,FPP,5,5,6,125,125,25,0,1600,1600,0,0,51.643750,71,0.000000,0
183,FPP,6,6,7,129,129,8,0,1551,1551,0,0,35.591231,104,0.000000,0
183,FPP,7,7,5,107,107,1,0,1870,1870,0,0,4.978610,26,0.000000,0
run_id,policy,task_index,task_id,priority,period,deadline,wcet,offset,jobs_released,jobs_completed,deadline_miss,unfinished,rt_avg,rt_max,late_avg,late_max
184,FPP,0,0,2,25,25,1,0,8000,8000,0,0,1.166750,3,0.000000,0
184,FPP,1,1,1,16,16,1,0,12500,12500,0,0,1.333360,2,0.000000,0
184,FPP,2,2,4,43,43,7,0,4652,4652,0,0,9.682502,14,0.000000,0
184,FPP,3,3,7,135,135,5,0,1482,1482,0,0,19.740216,66,0.000000,0
184,FPP,4,4,6,128,128,13,0,1563,1563,0,0,29.955854,56,0.000000,0
184,FPP,5,5,5,102,102,11,0,1961,1961,0,0,20.139215,28,0.000000,0
184,FPP,6,6,0,12,12,1,0,16667,16667,0,0,1.000000,1,0.000000,0
184,FPP,7,7,3,30,30,3,0,6667,6667,0,0,3.975401,6,0.000000,0
run_id,policy,task_index,task_id,priority,period,deadline,wcet,offset,jobs_released,jobs_completed,deadline_miss,unfinished,rt_avg,rt_max,late_avg,late_max
185,FPP,0,0,5,111,111,18,0,1802,1802,0,0,28.819090,38,0.000000,0
185,FPP,1,1,0,23,23,2,0,8696,8696,0,0,2.000000,2,0.000000,0
185,FPP,2,2,4,56,56,4,0,3572,3572,0,0,6.349384,13,0.000000,0
185,FPP,3,3,6,112,112,11,0,1786,1786,0,0,29.740202,54,0.000000,0
185,FPP,4,4,7,144,144,19,0,1389,1389,0,0,52.246220,84,0.000000,0
185,FPP,5,5,1,25,25,1,0,8000,8000,0,0,1.130500,3,0.000000,0
185,FPP,6,6,3,42,42,2,0,4762,4762,0,0,3.248005,9,0.000000,0
185,FPP,7,7,2,30,30,4,0,6667,6667,0,0,4.643768,7,0.000000,0
run_id,policy,task_index,task_id,priority,period,deadline,wcet,offset,jobs_released,jobs_completed,deadline_miss,unfinished,rt_avg,rt_max,late_avg,late_max
186,FPP,0,0,7,133,133,8,0,1504,1504,0,0,38.980718,97,0.000000,0
186,FPP,1,1,5,123,123,26,0,1627,1626,0,1,53.190037,78,0.000000,0
186,FPP,2,2,1,28,28,2,0,7143,7143,0,0,2.333473,4,0.000000,0
186,FPP,3,3,0,15,15,2,0,13334,13334,0,0,2.000000,2,0.000000,0
186,FPP,4,4,2,35,35,1,0,5715,5715,0,0,2.166754,5,0.000000,0
186,FPP,5,5,6,128,128,1,0,1563,1563,0,0,21.611644,79,0.000000,0
186,FPP,6,6,4,120,120,25,0,1667,1667,0,0,37.557888,43,0.000000,0
186,FPP,7,7,3,83,83,6,0,2410,2410,0,0,7.743983,11,0.000000,0
run_id,policy,task_index,task_id,priority,period,deadline,wcet,offset,jobs_released,jobs_completed,deadline_miss,unfinished,rt_avg,rt_max,late_avg,late_max
187,FPP,0,0,2,35,35,4,0,5715,5715,0,0,5.088539,8,0.000000,0
187,FPP,1,1,0,17,17,2,0,11765,11765,0,0,2.000000,2,0.000000,0
187,FPP,2,2,3,102,102,6,0,1961,1961,0,0,9.830699,14,0.000000,0
187,FPP,3,3,4,103,103,6,0,1942,1942,0,0,9.679197,22,0.000000,0
187,FPP,4,4,5,136,136,17,0,1471,1471,0,0,31.186948,47,0.000000,0
187,FPP,5,5,7,146,146,17,0,1370,1370,0,0,51.024818,94,0.000000,0
187,FPP,6,6,6,141,141,16,0,1419,1419,0,0,36.152220,67,0.000000,0
187,FPP,7,7,1,28,28,2,0,7143,7143,0,0,2.294274,4,0.000000,0
run_id,policy,task_index,task_id,priority,period,deadline,wcet,offset,jobs_released,jobs_completed,deadline_miss,unfinished,rt_avg,rt_max,late_avg,late_max
188,FPP,0,0,7,127,127,14,0,1575,1575,0,0,44.358730,119,0.000000,0
188,FPP,1,1,3,76,76,9,0,2632,2632,0,0,10.422112,15,0.000000,0
188,FPP,2,2,5,99,99,11,0,2021,2021,0,0,21.512123,45,0.000000,0
188,FPP,3,3,4,86,86,17,0,2326,2326,0,0,22.957438,33,0.000000,0
188,FPP,4,4,6,119,119,14,0,1681,1681,0,0,33.885187,60,0.000000,0
188,FPP,5,5,1,62,62,3,0,3226,3226,0,0,3.176689,4,0.000000,0
188,FPP,6,6,0,17,17,1,0,11765,11765,0,0,1.000000,1,0.000000,0
188,FPP,7,7,2,70,70,2,0,2858,2858,0,0,2.271519,6,0.000000,0
run_id,policy,task_index,task_id,priority,period,deadline,wcet,offset,jobs_released,jobs_completed,deadline_miss,unfinished,rt_avg,rt_max,late_avg,late_max
189,FPP,0,0,2,69,69,11,0,2899,2899,0,0,13.412901,20,0.000000,0
189,FPP,1,1,7,130,130,16,0,1539,1538,0,1,51.284785,93,0.000000,0
189,FPP,2,2,5,110,110,6,0,1819,1818,0,1,20.036304,49,0.000000,0
189,FPP,3,3,1,55,55,2,0,3637,3637,0,0,2.664009,9,0.000000,0
189,FPP,4,4,6,122,122,8,0,1640,1639,0,1,24.740696,66,0.000000,0
189,FPP,5,5,3,94,94,10,0,2128,2128,0,0,15.641917,30,0.000000,0
189,FPP,6,6,4,96,96,13,0,2084,2084,0,0,23.557102,43,0.000000,0
189,FPP,7,7,0,53,53,7,0,3774,3774,0,0,7.000000,7,0.000000,0
run_id,policy,task_index,task_id,priority,period,deadline,wcet,offset,jobs_released,jobs_completed,deadline_miss,unfinished,rt_avg,rt_max,late_avg,late_max
190,FPP,0,0,5,105,105,2,0,1905,1905,0,0,9.828871,44,0.000000,0
190,FPP,1,1,2,46,46,8,0,4348,4348,0,0,10.868445,15,0.000000,0
190,FPP,2,2,3,86,86,2,0,2326,2326,0,0,4.744196,17,0.000000,0
190,FPP,3,3,1,37,37,4,0,5406,5406,0,0,4.833518,7,0.000000,0
190,FPP,4,4,7,148,148,8,0,1352,1352,0,0,34.911243,80,0.000000,0
190,FPP,5,5,4,101,101,15,0,1981,1980,0,1,27.352525,35,0.000000,0
190,FPP,6,6,0,18,18,3,0,11112,11111,0,1,3.000000,3,0.000000,0
190,FPP,7,7,6,134,134,10,0,1493,1493,0,0,29.565305,65,0.000000,0
run_id,policy,task_index,task_id,priority,period,deadline,wcet,offset,jobs_released,jobs_completed,deadline_miss,unfinished,rt_avg,rt_max,late_avg,late_max
191,FPP,0,0,6,148,148,22,0,1352,1351,0,1,41.932642,76,0.000000,0
191,FPP,1,1,5,129,129,5,0,1551,1551,0,0,10.868472,39,0.000000,0
191,FPP,2,2,1,63,63,11,0,3175,3175,0,0,12.698898,15,0.000000,0
191,FPP,3,3,3,109,109,3,0,1835,1835,0,0,5.706267,20,0.000000,0
191,FPP,4,4,7,150,150,27,0,1334,1333,0,1,74.909227,109,0.000000,0
191,FPP,5,5,2,87,87,2,0,2299,2299,0,0,4.153110,17,0.000000,0
191,FPP,6,6,0,30,30,4,0,6667,6667,0,0,4.000000,4,0.000000,0
191,FPP,7,7,4,117,117,10,0,1710,1710,0,0,16.748538,30,0.000000,0
run_id,policy,task_index,task_id,priority,period,deadline,wcet,offset,jobs_released,jobs_completed,deadline_miss,unfinished,rt_avg,rt_max,late_avg,late_max
192,FPP,0,0,7,147,147,26,0,1361,1361,0,0,62.772226,102,0.000000,0
192,FPP,1,1,5,93,93,3,0,2151,2151,0,0,8.961413,24,0.000000,0
192,FPP,2,2,3,72,72,3,0,2778,2778,0,0,7.570914,11,0.000000,0
192,FPP,3,3,4,72,72,10,0,2778,2778,0,0,19.268898,21,0.000000,0
192,FPP,4,4,2,36,36,3,0,5556,5556,0,0,4.473542,8,0.000000,0
192,FPP,5,5,1,31,31,1,0,6452,6452,0,0,1.370428,5,0.000000,0
192,FPP,6,6,6,139,139,15,0,1439,1439,0,0,28.690757,47,0.000000,0
192,FPP,7,7,0,27,27,4,0,7408,7408,0,0,4.000000,4,0.000000,0
run_id,policy,task_index,task_id,priority,period,deadline,wcet,offset,jobs_released,jobs_completed,deadline_miss,unfinished,rt_avg,rt_max,late_avg,late_max
193,FPP,0,0,7,128,128,7,0,1563,1563,0,0,28.846449,77,0.000000,0
193,FPP,1,1,4,72,72,4,0,2778,2778,0,0,7.614471,16,0.000000,0
193,FPP,2,2,1,28,28,1,0,7143,7143,0,0,2.333333,5,0.000000,0
193,FPP,3,3,5,93,93,4,0,2151,2151,0,0,8.523942,20,0.000000,0
193,FPP,4,4,3,39,39,3,0,5129,5129,0,0,4.797426,12,0.000000,0
193,FPP,5,5,6,111,111,21,0,1802,1802,0,0,43.569922,58,0.000000,0
193,FPP,6,6,0,21,21,4,0,9524,9524,0,0,4.000000,4,0.000000,0
193,FPP,7,7,2,33,33,4,0,6061,6061,0,0,5.535885,9,0.000000,0
run_id,policy,task_index,task_id,priority,period,deadline,wcet,offset,jobs_released,jobs_completed,deadline_miss,unfinished,rt_avg,rt_max,late_avg,late_max
194,FPP,0,0,6,118,118,1,0,1695,1695,0,0,6.261947,26,0.000000,0
194,FPP,1,1,7,140,140,24,0,1429,1429,0,0,69.794262,95,0.000000,0
194,FPP,2,2,0,19,19,2,0,10527,10527,0,0,2.000000,2,0.000000,0
194,FPP,3,3,3,56,56,4,0,3572,3572,0,0,8.251960,18,0.000000,0
194,FPP,4,4,4,56,56,4,0,3572,3572,0,0,14.992161,24,0.000000,0
194,FPP,5,5,1,29,29,6,0,6897,6897,0,0,6.684211,8,0.000000,0
194,FPP,6,6,5,87,87,1,0,2299,2299,0,0,12.608090,25,0.000000,0
194,FPP,7,7,2,36,36,6,0,5556,5556,0,0,8.855652,14,0.000000,0
run_id,policy,task_index,task_id,priority,period,deadline,wcet,offset,jobs_released,jobs_completed,deadline_miss,unfinished,rt_avg,rt_max,late_avg,late_max
195,FPP,0,0,4,93,93,1,0,2151,2151,0,0,4.094375,27,0.000000,0
195,FPP,1,1,7,113,113,12,0,1770,1770,0,0,41.739548,81,0.000000,0
195,FPP,2,2,3,87,87,2,0,2299,2299,0,0,5.103523,26,0.000000,0
195,FPP,3,3,2,86,86,13,0,2326,2326,0,0,16.716251,24,0.000000,0
195,FPP,4,4,5,100,100,16,0,2000,2000,0,0,27.190500,45,0.000000,0
195,FPP,5,5,1,57,57,7,0,3509,3509,0,0,7.857794,9,0.000000,0
195,FPP,6,6,6,109,109,15,0,1835,1835,0,0,35.141689,69,0.000000,0
195,FPP,7,7,0,21,21,2,0,9524,9524,0,0,2.000000,2,0.000000,0
run_id,policy,task_index,task_id,priority,period,deadline,wcet,offset,jobs_released,jobs_completed,deadline_miss,unfinished,rt_avg,rt_max,late_avg,late_max
196,FPP,0,0,7,136,136,33,0,819,819,0,0,69.357753,93,0.000000,0
196,FPP,1,1,2,36,36,2,0,3094,3094,0,0,3.500000,4,0.000000,0
196,FPP,2,2,1,24,24,1,0,4641,4641,0,0,1.333333,2,0.000000,0
196,FPP,3,3,3,39,39,6,0,2856,2856,0,0,7.041667,10,0.000000,0
196,FPP,4,4,6,78,78,4,0,1428,1428,0,0,16.190476,24,0.000000,0
196,FPP,5,5,0,18,18,1,0,6188,6188,0,0,1.000000,1,0.000000,0
196,FPP,6,6,4,52,52,4,0,2142,2142,0,0,6.777778,14,0.000000,0
196,FPP,7,7,5,56,56,5,0,1989,1989,0,0,8.829060,20,0.000000,0
run_id,policy,task_index,task_id,priority,period,deadline,wcet,offset,jobs_released,jobs_completed,deadline_miss,unfinished,rt_avg,rt_max,late_avg,late_max
197,FPP,0,0,3,97,97,3,0,2062,2062,0,0,5.948109,27,0.000000,0
197,FPP,1,1,2,91,91,11,0,2198,2198,0,0,14.026388,24,0.000000,0
197,FPP,2,2,4,103,103,13,0,1942,1942,0,0,20.657055,43,0.000000,0
197,FPP,3,3,5,119,119,2,0,1681,1681,0,0,7.730518,45,0.000000,0
197,FPP,4,4,1,90,90,10,0,2223,2223,0,0,10.923077,13,0.000000,0
197,FPP,5,5,6,139,139,16,0,1439,1439,0,0,32.083391,61,0.000000,0
197,FPP,6,6,7,148,148,28,0,1352,1352,0,0,67.164941,134,0.000000,0
197,FPP,7,7,0,39,39,3,0,5129,5129,0,0,3.000000,3,0.000000,0
run_id,policy,task_index,task_id,priority,period,deadline,wcet,offset,jobs_released,jobs_completed,deadline_miss,unfinished,rt_avg,rt_max,late_avg,late_max
198,FPP,0,0,6,96,96,10,0,2084,2083,0,1,22.610178,44,0.000000,0
198,FPP,1,1,4,51,51,8,0,3922,3922,0,0,13.629271,23,0.000000,0
198,FPP,2,2,2,41,41,1,0,4879,4879,0,0,1.920271,10,0.000000,0
198,FPP,3,3,5,88,88,1,0,2273,2273,0,0,11.902332,24,0.000000,0
198,FPP,4,4,3,44,44,5,0,4546,4546,0,0,7.811703,15,0.000000,0
198,FPP,5,5,7,102,102,13,0,1961,1961,0,0,46.551249,79,0.000000,0
198,FPP,6,6,0,33,33,5,0,6061,6061,0,0,5.000000,5,0.000000,0
198,FPP,7,7,1,35,35,4,0,5715,5715,0,0,4.909711,9,0.000000,0
run_id,policy,task_index,task_id,priority,period,deadline,wcet,offset,jobs_released,jobs_completed,deadline_miss,unfinished,rt_avg,rt_max,late_avg,late_max
199,FPP,0,0,2,89,89,9,0,2248,2248,0,0,10.062278,15,0.000000,0
199,FPP,1,1,0,60,60,5,0,3334,3334,0,0,5.000000,5,0.000000,0
199,FPP,2,2,7,145,145,16,0,1380,1379,1,1,53.810007,162,0.012328,17
199,FPP,3,3,1,76,76,1,0,2632,2632,0,0,1.401216,6,0.000000,0
199,FPP,4,4,4,104,104,12,0,1924,1923,0,1,18.778991,39,0.000000,0
199,FPP,5,5,5,106,106,11,0,1887,1887,0,0,21.899841,50,0.000000,0
199,FPP,6,6,6,130,130,20,0,1539,1539,0,0,44.467836,75,0.000000,0
199,FPP,7,7,3,94,94,12,0,2128,2128,0,0,15.334586,27,0.000000,0
